<?xml version="1.0" encoding="utf-8"?>
<doc>
<assembly><name>WebSharper.Html.Client</name></assembly>
<members>
<member name="T:WebSharper.Html.Client.Attribute">
<summary>
 Represents HTML attributes.
</summary>
</member>
<member name="T:WebSharper.Html.Client.AttributeBuilder">
<summary>
 Exposes HTML attributes.
</summary>
</member>
<member name="T:WebSharper.Html.Client.DeprecatedAttributeBuilder">
<summary>
 Exposes HTML attributes.
</summary>
</member>
<member name="T:WebSharper.Html.Client.DeprecatedTagBuilder">
<summary>
 Deprecated HTML combinators
</summary>
</member>
<member name="M:WebSharper.Html.Client.TagBuilder.Text(System.String)">
<summary>
 Creates a Text node.
</summary>
</member>
<member name="T:WebSharper.Html.Client.TagBuilder">
<summary>
 HTML combinators
</summary>
</member>
<member name="T:WebSharper.Html.Client.Events.IEventSupport">
<summary>
 Interface for event handling implementation
</summary>
</member>
<member name="T:WebSharper.Html.Client.Events.KeyCode">
<summary>
 Represents key code data
</summary>
</member>
<member name="T:WebSharper.Html.Client.Events.CharacterCode">
<summary>
 Represents character code data.
</summary>
</member>
<member name="T:WebSharper.Html.Client.Events.MouseEvent">
<summary>
 Represents mouse event data.
</summary>
</member>
<member name="T:WebSharper.Html.Client.Events">
<summary>
 Provides the event interfaces and the default event support.
</summary>
</member>
<member name="T:WebSharper.Html.Client.EventsPervasives">
<summary>
 Provides aliases to the commonly used events.
</summary>
</member>
<member name="T:WebSharper.Html.Client.Implementation.JQueryHtmlProvider">
<summary>
 jQuery based HTMLProvider.
</summary>
</member>
<member name="T:WebSharper.Html.Client.Interfaces.IHtmlProvider">
<summary>
 Interface for required HTML/DOM functionality.
</summary>
</member>
<member name="M:WebSharper.Html.Client.Operators.ById(System.String)">
<summary>
 Looks up dom element by id
</summary>
</member>
<member name="M:WebSharper.Html.Client.Operators.OnBeforeRender``1(Microsoft.FSharp.Core.FSharpFunc{``0,Microsoft.FSharp.Core.Unit},``0)">
<summary>
 Destructively adds an function to be invoked before the render is called on
 the pagelet.
</summary>
</member>
<member name="M:WebSharper.Html.Client.Operators.OnAfterRender``1(Microsoft.FSharp.Core.FSharpFunc{``0,Microsoft.FSharp.Core.Unit},``0)">
<summary>
 Destructively adds an function to be invoked after the render is called on
 the pagelet.
</summary>
</member>
</members>
</doc>
