<?xml version="1.0" encoding="utf-8"?>
<doc>
<assembly><name>WebSharper.Core</name></assembly>
<members>
<member name="M:WebSharper.Core.Attributes.DateTimeFormatAttribute.#ctor(System.String,System.String)">
<summary>
 Defines the format used to de/serialize the union case argument with the given name.
</summary>
</member>
<member name="M:WebSharper.Core.Attributes.DateTimeFormatAttribute.#ctor(System.String)">
<summary>
 Defines the format used to de/serialize a record or object field.
</summary>
</member>
<member name="T:WebSharper.Core.Attributes.DateTimeFormatAttribute">
<summary>
 Defines the format used to de/serialize a DateTime field or union case argument.
 The default is &quot;o&quot; (ISO 8601 round-trip format) for JSON serialization,
 and &quot;yyyy-MM-dd-HH.mm.ss&quot; for URL parsing.
</summary>
</member>
<member name="M:WebSharper.Core.Attributes.NamedUnionCasesAttribute.#ctor">
<summary>
 The case is inferred from the field names. Every case must have at least one
 non-option-typed field whose name is unique across all cases of this union.
</summary>
</member>
<member name="M:WebSharper.Core.Attributes.NamedUnionCasesAttribute.#ctor(System.String)">
<summary>
 The case is determined by a field named `discriminatorName`,
 which stores the CompiledName of the case.
</summary>
</member>
<member name="T:WebSharper.Core.Attributes.NamedUnionCasesAttribute">
<summary>
 Declares that when de/serializing this union type for external use
 (eg. when parsing a [&lt;Json&gt;] sitelet action or writing a Sitelet.Content.JsonContent),
 its fields must be tagged by their name rather than &quot;$0&quot; ... &quot;$n&quot;.
 Also determines how the cases are distinguished, instead of the default &quot;$&quot;: &lt;integer&gt;.
</summary>
</member>
<member name="">

</member>
<member name="T:WebSharper.Core.Attributes.OptionalFieldAttribute">
<summary>
 Adds automatic inlines to a property so that a missing JavaScript field
 is converted to None, otherwise Some fieldValue.
</summary>
</member>
<member name="">

</member>
<member name="T:WebSharper.Core.Attributes.RemotingProviderAttribute">
<summary>
 Indicates the client-side remoting provider that should be used
 by remote function calls in this assembly. The type passed to the
 constructor must have three static methods as described by the
 interface Remoting.IRemotingProvider.
</summary>
</member>
<member name="">

</member>
<member name="T:WebSharper.Core.Attributes.StubAttribute">
<summary>
 Marks members that should be compiled by-name.
</summary>
</member>
<member name="">

</member>
<member name="T:WebSharper.Core.Attributes.RequireAttribute">
<summary>
 Annotates members with dependencies. The type passed to the constructor
 must implement Resources.IResourceDefinition and a default constructor.
</summary>
</member>
<member name="">

</member>
<member name="T:WebSharper.Core.Attributes.RemoteAttribute">
<summary>
 Marks a server-side function to be invokable remotely from the client-side.
</summary>
</member>
<member name="M:WebSharper.Core.Attributes.ProxyAttribute.#ctor(System.Type)">
<summary>
 Constructs a new proxy link using a type directly.
</summary>
</member>
<member name="M:WebSharper.Core.Attributes.ProxyAttribute.#ctor(System.String)">
<summary>
 Constructs a new proxy link using an assembly-qualified name.
</summary>
</member>
<member name="">

</member>
<member name="T:WebSharper.Core.Attributes.ProxyAttribute">
<summary>
 Declares a type to be a proxy for another type, identified directly or
 by using an assembly-qualified name.
</summary>
</member>
<member name="M:WebSharper.Core.Attributes.NameAttribute.#ctor(System.String[])">
<summary>
 Constructs a qualified name from an explicit array of parts.
</summary>
</member>
<member name="M:WebSharper.Core.Attributes.NameAttribute.#ctor(System.String)">
<summary>
 Constructs a qualified name from a dot-separated string.
</summary>
</member>
<member name="">

</member>
<member name="T:WebSharper.Core.Attributes.NameAttribute">
<summary>
 Provides a runtime name for members when it differs from the F# name.
 The constructor accepts either an explicit array of parts,
 or a single string, in which case it is assumed to be dot-separated.
</summary>
</member>
<member name="">

</member>
<member name="T:WebSharper.Core.Attributes.GeneratedAttribute">
<summary>
 Annotates methods with a generator type that provides the method body.
 The supplied type should implement Macros.IGenerator and a default constructor.
</summary>
</member>
<member name="">

</member>
<member name="T:WebSharper.Core.Attributes.MacroAttribute">
<summary>
 Annotates methods an constructors with custom compilation rules.
 The supplied type should implement Macros.IMacro and a default constructor.
</summary>
</member>
<member name="T:WebSharper.Core.Attributes.JavaScriptAttribute">
<summary>
 Marks methods, properties and constructors for compilation to JavaScript.
</summary>
</member>
<member name="">

</member>
<member name="T:WebSharper.Core.Attributes.DirectAttribute">
<summary>
 Marks methods and constructors for direct compilation to a JavaScript function.
 Direct members work by expanding JavaScript code templates
 with placeholders of the form such as $0, $x, $this or $value
 into the body of a JavaScript function. See also InlineAttribute.
</summary>
</member>
<member name="M:WebSharper.Core.Attributes.InlineAttribute.#ctor(System.String)">
<summary>
 Constructs a new inlining annotation from a code template.
</summary>
</member>
<member name="">

</member>
<member name="T:WebSharper.Core.Attributes.InlineAttribute">
<summary>
 Marks methods and constructors for inline compilation to JavaScript.
 Inline members work by expanding JavaScript code templates
 with placeholders of the form such as $0, $x, $this or $value
 directly at the place of invocation. See also DirectAttribute.
</summary>
</member>
<member name="M:WebSharper.Core.Attributes.ConstantAttribute.#ctor(System.String)">
<summary>
 Constructs a string or a null constant annotation.
</summary>
</member>
<member name="M:WebSharper.Core.Attributes.ConstantAttribute.#ctor(System.Double)">
<summary>
 Constructs a floating constant annotation.
</summary>
</member>
<member name="M:WebSharper.Core.Attributes.ConstantAttribute.#ctor(System.Int32)">
<summary>
 Constructs an integer constant annotation.
</summary>
</member>
<member name="M:WebSharper.Core.Attributes.ConstantAttribute.#ctor(System.Boolean)">
<summary>
 Constructs a boolean constant annotation.
</summary>
</member>
<member name="">

</member>
<member name="T:WebSharper.Core.Attributes.ConstantAttribute">
<summary>
 Marks union cases or properties that should be compiled to constants.
</summary>
</member>
<member name="">

</member>
<member name="">

</member>
<member name="">

</member>
<member name="T:WebSharper.Core.Attributes">
<summary>
 Defines custom attributes used by WebSharper projects.
</summary>
</member>
<member name="M:WebSharper.Core.Binary.EncodingProvider.DeriveEncoding(System.Type)">
<summary>
 Derives an encoding for a given type.
</summary>
</member>
<member name="M:WebSharper.Core.Binary.EncodingProvider.Create">
<summary>
 Constructs a new EncodingProvider.
</summary>
</member>
<member name="T:WebSharper.Core.Binary.EncodingProvider">
<summary>
 Constructs Encoding objects.
</summary>
</member>
<member name="P:WebSharper.Core.Binary.Encoding.Type">
<summary>
 The type for which operations are supported.
</summary>
</member>
<member name="M:WebSharper.Core.Binary.Encoding.Encode(System.IO.Stream,System.Object)">
<summary>
 Encodes an object to a stream.
</summary>
</member>
<member name="M:WebSharper.Core.Binary.Encoding.Decode(System.IO.Stream)">
<summary>
 Decodes an object from a stream.
</summary>
</member>
<member name="T:WebSharper.Core.Binary.Encoding">
<summary>
 Represents an encoding for a given type.
</summary>
</member>
<member name="T:WebSharper.Core.Binary.EncodingException">
<summary>
 Thrown when the decoder fails to reconstruct a value.
</summary>
</member>
<member name="">

</member>
<member name="T:WebSharper.Core.Binary.NoEncodingException">
<summary>
 Thrown when no decoder can be derived for a given type.
</summary>
</member>
<member name="T:WebSharper.Core.Binary">
<summary>
 Implements binary serialization for server-side use.
 The encoding supports all records, unions, numeric types,
 strings, rank-1 arrays, maps, sets, lists and dictionaries.
 Strings are interned for efficiency. The encoding also uses
 binary compression.
</summary>
</member>
<member name="">

</member>
<member name="">

</member>
<member name="">

</member>
<member name="">

</member>
<member name="">

</member>
<member name="">

</member>
<member name="">

</member>
<member name="">

</member>
<member name="">

</member>
<member name="">

</member>
<member name="">

</member>
<member name="">

</member>
<member name="">

</member>
<member name="T:WebSharper.Core.ContentTypes.Text">

</member>
<member name="">

</member>
<member name="T:WebSharper.Core.ContentTypes.Application">

</member>
<member name="T:WebSharper.Core.ContentTypes">
<summary>
 Provides a small vocabulary for dealing with Internet media types,
 as far as WebSharper is concerned.
</summary>
</member>
<member name="M:WebSharper.Core.FastInvoke.FastMethod.InvokeN(System.Object[])">
<summary>
 Invokes with an arbitrary number of arguments.
</summary>
</member>
<member name="M:WebSharper.Core.FastInvoke.FastMethod.Invoke7(System.Object,System.Object,System.Object,System.Object,System.Object,System.Object,System.Object)">
<summary>
 Invokes with 7 arguments.
</summary>
</member>
<member name="M:WebSharper.Core.FastInvoke.FastMethod.Invoke6(System.Object,System.Object,System.Object,System.Object,System.Object,System.Object)">
<summary>
 Invokes with 6 arguments.
</summary>
</member>
<member name="M:WebSharper.Core.FastInvoke.FastMethod.Invoke5(System.Object,System.Object,System.Object,System.Object,System.Object)">
<summary>
 Invokes with 5 arguments.
</summary>
</member>
<member name="M:WebSharper.Core.FastInvoke.FastMethod.Invoke4(System.Object,System.Object,System.Object,System.Object)">
<summary>
 Invokes with 4 arguments.
</summary>
</member>
<member name="M:WebSharper.Core.FastInvoke.FastMethod.Invoke3(System.Object,System.Object,System.Object)">
<summary>
 Invokes with 3 arguments.
</summary>
</member>
<member name="M:WebSharper.Core.FastInvoke.FastMethod.Invoke2(System.Object,System.Object)">
<summary>
 Invokes with 2 arguments.
</summary>
</member>
<member name="M:WebSharper.Core.FastInvoke.FastMethod.Invoke1(System.Object)">
<summary>
 Invokes with 1 argument.
</summary>
</member>
<member name="M:WebSharper.Core.FastInvoke.FastMethod.Invoke0">
<summary>
 Invokes with 0 arguments.
</summary>
</member>
<member name="T:WebSharper.Core.FastInvoke.FastMethod">
<summary>
 Represents a method that can be quickly invoked dynamically.
</summary>
</member>
<member name="M:WebSharper.Core.FastInvoke.Compile(System.Reflection.MethodInfo)">
<summary>
 Compiles a method to a fast invoke function.
</summary>
</member>
<member name="T:WebSharper.Core.FastInvoke">
<summary>
 Splits invocation of methods represented as `System.Reflection.MethodInfo`
 into the static and dynamic phase, doing the binding work at the static phase.
 A pre-bound method can be 100-1000x faster to invoke compared to using `.Invoke`
 every time, which has to repeatedly do method binding.
</summary>
</member>
<member name="M:WebSharper.Core.Json.Provider.Pack(WebSharper.Core.Json.Encoded)">
<summary>
 Packs an encoded value to JSON.
</summary>
</member>
<member name="M:WebSharper.Core.Json.Provider.GetEncoder``1">
<summary>
 Derives an encoder for a given type.
</summary>
</member>
<member name="M:WebSharper.Core.Json.Provider.GetEncoder(System.Type)">
<summary>
 Derives an encoder for a given type.
</summary>
</member>
<member name="M:WebSharper.Core.Json.Provider.GetDecoder``1">
<summary>
 Derives a decoder for a given type.
</summary>
</member>
<member name="M:WebSharper.Core.Json.Provider.GetDecoder(System.Type)">
<summary>
 Derives a decoder for a given type.
</summary>
</member>
<member name="M:WebSharper.Core.Json.Provider.CreateTyped(WebSharper.Core.Metadata.Info)">
<summary>
 Constructs a typed JSON encoding provider.
 This provider uses a WebSharper-specific encoding of types
 and is only suitable for internal uses.
 It is the encoding used for Remoting and Web.Control initialization.
</summary>
</member>
<member name="M:WebSharper.Core.Json.Provider.Create(WebSharper.Core.Json.FormatOptions)">
<summary>
 Constructs a basic JSON encoding provider.
 This provider uses an untyped encoding
 and is suitable for use with external APIs.
 It is the encoding used by Sitelets (Infer, JsonContent)
 and WebSharper.Json.Serialize/Deserialize.
</summary>
</member>
<member name="M:WebSharper.Core.Json.Provider.Create">
<summary>
 Constructs a basic JSON encoding provider.
 This provider uses an untyped encoding
 and is suitable for use with external APIs.
 It is the encoding used by Sitelets (Infer, JsonContent)
 and WebSharper.Json.Serialize/Deserialize.
</summary>
</member>
<member name="">

</member>
<member name="">

</member>
<member name="T:WebSharper.Core.Json.Provider">
<summary>
 Provides JSON encodings for arbitrary types.
</summary>
</member>
<member name="">

</member>
<member name="">

</member>
<member name="">

</member>
<member name="">

</member>
<member name="">

</member>
<member name="T:WebSharper.Core.Json.Encoder`1">
<summary>
 Represents a typed encoder.
</summary>
</member>
<member name="">

</member>
<member name="T:WebSharper.Core.Json.Encoder">
<summary>
 Represents an encoder.
</summary>
</member>
<member name="">

</member>
<member name="T:WebSharper.Core.Json.Decoder`1">
<summary>
 Represents a typed decoder.
</summary>
</member>
<member name="">

</member>
<member name="T:WebSharper.Core.Json.Decoder">
<summary>
 Represents a decoder.
</summary>
</member>
<member name="M:WebSharper.Core.Json.Encoded.Object(Microsoft.FSharp.Collections.FSharpList{System.Tuple{System.String,WebSharper.Core.Json.Encoded}})">
<summary>
 Constructs an object.
</summary>
</member>
<member name="M:WebSharper.Core.Json.Encoded.Lift(WebSharper.Core.Json.Value)">
<summary>
 Lifts a value.
</summary>
</member>
<member name="M:WebSharper.Core.Json.Encoded.Array(Microsoft.FSharp.Collections.FSharpList{WebSharper.Core.Json.Encoded})">
<summary>
 Constructs an array.
</summary>
</member>
<member name="T:WebSharper.Core.Json.Encoded">
<summary>
 Represents an object encoded to JSON.
</summary>
</member>
<member name="">

</member>
<member name="">

</member>
<member name="">

</member>
<member name="">

</member>
<member name="">

</member>
<member name="">

</member>
<member name="">

</member>
<member name="T:WebSharper.Core.Json.Value">
<summary>
 Represents JSON values.
</summary>
</member>
<member name="M:WebSharper.Core.Json.Stringify(WebSharper.Core.Json.Value)">
<summary>
 Converts JSON to a string. Throws WriteError.
</summary>
</member>
<member name="M:WebSharper.Core.Json.Write(System.IO.TextWriter,WebSharper.Core.Json.Value)">
<summary>
 Writes raw JSON. Throws WriteError.
</summary>
</member>
<member name="M:WebSharper.Core.Json.Parse(System.String)">
<summary>
 Parses a JSON string. Throws ReadError.
</summary>
</member>
<member name="M:WebSharper.Core.Json.Read(System.IO.TextReader)">
<summary>
 Reads raw JSON. Throws ReadError.
</summary>
</member>
<member name="">

</member>
<member name="T:WebSharper.Core.Json.NoEncoderException">
<summary>
 Thrown when no encoder can be derived for a given type.
</summary>
</member>
<member name="">

</member>
<member name="T:WebSharper.Core.Json.NoDecoderException">
<summary>
 Thrown when no decoder can be derived for a given type.
</summary>
</member>
<member name="T:WebSharper.Core.Json.EncoderException">
<summary>
 Thrown when the encoder is given a value it cannot encode.
</summary>
</member>
<member name="T:WebSharper.Core.Json.DecoderException">
<summary>
 Thrown when the decoder fails to reconstruct a value from JSON.
</summary>
</member>
<member name="T:WebSharper.Core.Json.WriteException">
<summary>
 Thrown when the value being written is not valid JSON.
</summary>
</member>
<member name="T:WebSharper.Core.Json.ReadException">
<summary>
 Thrown when text being read from the text reader is not valid JSON.
</summary>
</member>
<member name="">

</member>
<member name="">

</member>
<member name="">

</member>
<member name="">

</member>
<member name="">

</member>
<member name="">

</member>
<member name="">

</member>
<member name="">

</member>
<member name="">

</member>
<member name="">

</member>
<member name="">

</member>
<member name="">

</member>
<member name="">

</member>
<member name="">

</member>
<member name="">

</member>
<member name="">

</member>
<member name="">

</member>
<member name="M:WebSharper.Core.Json.Internal.GetUnionEncoding(System.Type)">
<summary>
 Get the encoding characteristics of a discriminated union.
 t is assumed to be a discriminated union.
</summary>
</member>
<member name="M:WebSharper.Core.Json.Internal.GetName``1(``0)">
<summary>
 Get the (potentially customized) name of a field or property.
</summary>
</member>
<member name="">

</member>
<member name="T:WebSharper.Core.Json.Internal">
<summary>
 Common functions about the JSON encoding.
</summary>
</member>
<member name="T:WebSharper.Core.Json">
<summary>
 Implements JSON encoding and decoding for client-server interaction.
</summary>
</member>
<member name="">

</member>
<member name="T:WebSharper.Core.Macros.IGenerator">
<summary>
 An interface for code generation used with GeneratedAttribute.
</summary>
</member>
<member name="">

</member>
<member name="T:WebSharper.Core.Macros.IMacro">
<summary>
 An interface for macro definitions used with MacroAttribute.
</summary>
</member>
<member name="">

</member>
<member name="">

</member>
<member name="">

</member>
<member name="T:WebSharper.Core.Macros.GeneratedBody">
<summary>
 Represents method bodies, at either JavaScript core or syntax level.
</summary>
</member>
<member name="T:WebSharper.Core.Macros.Translator">
<summary>
 Represents a translator function.
</summary>
</member>
<member name="T:WebSharper.Core.Macros">
<summary>
 Provides supporting types for implementing custom compilation
 rules using MacroAttribute.
</summary>
</member>
<member name="M:WebSharper.Core.Metadata.Info.GetRemoteMethod(WebSharper.Core.Metadata.MethodHandle)">
<summary>
 Tries to load a method by its handle.
</summary>
</member>
<member name="M:WebSharper.Core.Metadata.Info.GetFieldName(WebSharper.Core.Reflection.TypeDefinition,System.String)">
<summary>
 Computes the JavaScript name for a record field.
</summary>
</member>
<member name="M:WebSharper.Core.Metadata.Info.GetDependencies(System.Collections.Generic.IEnumerable{WebSharper.Core.Metadata.Node})">
<summary>
 Resolves resource and assembly requirements for a given set of types.
</summary>
</member>
<member name="M:WebSharper.Core.Metadata.Info.GetAddress(WebSharper.Core.Reflection.TypeDefinition)">
<summary>
 Computes the JavaScript name for a type, respecting the proxy graph.
</summary>
</member>
<member name="M:WebSharper.Core.Metadata.Info.Create(System.Collections.Generic.IEnumerable{WebSharper.Core.Metadata.AssemblyInfo})">
<summary>
 Constructs a new assembly set.
</summary>
</member>
<member name="T:WebSharper.Core.Metadata.Info">
<summary>
 Represents metadata for a set of assemblies.
</summary>
</member>
<member name="P:WebSharper.Core.Metadata.AssemblyInfo.Requirements">
<summary>
 Enumerates the requirements.
</summary>
</member>
<member name="P:WebSharper.Core.Metadata.AssemblyInfo.HasRemoteMethods">
<summary>
 Tests whether the assembly contains any remote methods.
</summary>
</member>
<member name="P:WebSharper.Core.Metadata.AssemblyInfo.EmbeddedResourceName">
<summary>
 The name of the embedded resource storing the metadata.
</summary>
</member>
<member name="M:WebSharper.Core.Metadata.AssemblyInfo.ToStream(System.IO.Stream)">
<summary>
 Writes the metadata to a compressed stream.
</summary>
</member>
<member name="M:WebSharper.Core.Metadata.AssemblyInfo.LoadReflected(System.Reflection.Assembly)">
<summary>
 Tries to load assembly metadata from a reflected assembly.
</summary>
</member>
<member name="M:WebSharper.Core.Metadata.AssemblyInfo.Load(System.String)">
<summary>
 Tries to load assembly metadata from a given path.
</summary>
</member>
<member name="M:WebSharper.Core.Metadata.AssemblyInfo.FromStream(System.IO.Stream)">
<summary>
 Reads the metadata from a compressed stream.
</summary>
</member>
<member name="M:WebSharper.Core.Metadata.AssemblyInfo.Create(WebSharper.Core.Reflection.AssemblyName)">
<summary>
 Creates a new AssemblyInfo.
</summary>
</member>
<member name="M:WebSharper.Core.Metadata.AssemblyInfo.AddRequirement(WebSharper.Core.Metadata.Node,Microsoft.FSharp.Collections.FSharpList{WebSharper.Core.Metadata.Resource})">
<summary>
 Adds a requirement.
</summary>
</member>
<member name="M:WebSharper.Core.Metadata.AssemblyInfo.AddRemoteMethod(WebSharper.Core.Reflection.Method)">
<summary>
 Adds a method marked as remote.
</summary>
</member>
<member name="M:WebSharper.Core.Metadata.AssemblyInfo.AddRecord(WebSharper.Core.Reflection.TypeDefinition,Microsoft.FSharp.Collections.FSharpList{System.Tuple{System.String,System.String}})">
<summary>
 Adds a record definition.
</summary>
</member>
<member name="M:WebSharper.Core.Metadata.AssemblyInfo.AddCompiledType(WebSharper.Core.Reflection.TypeDefinition,WebSharper.Core.JavaScript.Packager.Address)">
<summary>
 Adds a compiled JavaScript type.
</summary>
</member>
<member name="T:WebSharper.Core.Metadata.AssemblyInfo">
<summary>
 Represents assembly metadata.
</summary>
</member>
<member name="M:WebSharper.Core.Metadata.MethodHandle.Unpack(System.String)">
<summary>
 Reads the serialized representation.
</summary>
</member>
<member name="M:WebSharper.Core.Metadata.MethodHandle.Pack">
<summary>
 Constructs a serialized representation.
</summary>
</member>
<member name="T:WebSharper.Core.Metadata.MethodHandle">
<summary>
 A serializable method representation.
</summary>
</member>
<member name="">

</member>
<member name="">

</member>
<member name="T:WebSharper.Core.Metadata.Resource">
<summary>
 Represents resources.
</summary>
</member>
<member name="">

</member>
<member name="">

</member>
<member name="">

</member>
<member name="">

</member>
<member name="">

</member>
<member name="T:WebSharper.Core.Metadata.Node">
<summary>
 Represents nodes in the resource graph.
</summary>
</member>
<member name="">

</member>
<member name="">

</member>
<member name="T:WebSharper.Core.Metadata.AssemblyMode">
<summary>
 Represents the compilation mode of an assembly.
</summary>
</member>
<member name="">

</member>
<member name="T:WebSharper.Core.Metadata">
<summary>
 Provides types for the assembly and project runtime metadata.
</summary>
</member>
<member name="T:WebSharper.Core.Quotations.Definitions">
<summary>
 Represents a set of reflected definitions.
</summary>
</member>
<member name="">

</member>
<member name="">

</member>
<member name="">

</member>
<member name="">

</member>
<member name="">

</member>
<member name="">

</member>
<member name="">

</member>
<member name="">

</member>
<member name="">

</member>
<member name="">

</member>
<member name="">

</member>
<member name="">

</member>
<member name="">

</member>
<member name="">

</member>
<member name="">

</member>
<member name="">

</member>
<member name="">

</member>
<member name="">

</member>
<member name="">

</member>
<member name="">

</member>
<member name="">

</member>
<member name="">

</member>
<member name="">

</member>
<member name="">

</member>
<member name="">

</member>
<member name="">

</member>
<member name="">

</member>
<member name="">

</member>
<member name="">

</member>
<member name="">

</member>
<member name="">

</member>
<member name="">

</member>
<member name="">

</member>
<member name="">

</member>
<member name="">

</member>
<member name="">

</member>
<member name="">

</member>
<member name="">

</member>
<member name="">

</member>
<member name="">

</member>
<member name="">

</member>
<member name="">

</member>
<member name="T:WebSharper.Core.Quotations.Expression">
<summary>
 Represents quotations.  For certain cases, such as method calls
 and property accesses, static and instance variants are not
 distinguished as that information is not present in quotation
 metadata and can only be reconstructed by analyzing the referenced
 members.  Property argument order, in particular, is not
 sufficiently defined by this type.  For instance properties, the
 argument order is target-value?-argument*.  For static properties
 it is value?-argument*.
</summary>
</member>
<member name="">

</member>
<member name="">

</member>
<member name="">

</member>
<member name="">

</member>
<member name="">

</member>
<member name="">

</member>
<member name="">

</member>
<member name="">

</member>
<member name="">

</member>
<member name="">

</member>
<member name="">

</member>
<member name="">

</member>
<member name="">

</member>
<member name="">

</member>
<member name="T:WebSharper.Core.Quotations.Literal">
<summary>
 Represents various literal values.
</summary>
</member>
<member name="">

</member>
<member name="">

</member>
<member name="T:WebSharper.Core.Quotations.Concrete`1">
<summary>
 Satisfies the comparison constraint.
 Represents generic instantiations.
</summary>
</member>
<member name="P:WebSharper.Core.Quotations.Id.Type">
<summary>
 The type of the variable.
</summary>
</member>
<member name="P:WebSharper.Core.Quotations.Id.Name">
<summary>
 An informative name.
</summary>
</member>
<member name="P:WebSharper.Core.Quotations.Id.Mutable">
<summary>
 A flag distinguishing mutable variables.
</summary>
</member>
<member name="M:WebSharper.Core.Quotations.Id.CreateMutable(System.String,WebSharper.Core.Reflection.Type)">
<summary>
 Creates a mutable Id.
</summary>
</member>
<member name="M:WebSharper.Core.Quotations.Id.Create(System.String,WebSharper.Core.Reflection.Type)">
<summary>
 Creates a simple Id.
</summary>
</member>
<member name="T:WebSharper.Core.Quotations.Id">
<summary>
 Represents variables in quotations.
</summary>
</member>
<member name="">

</member>
<member name="">

</member>
<member name="">

</member>
<member name="T:WebSharper.Core.Quotations.Definition">
<summary>
 Represents definitions.
</summary>
</member>
<member name="T:WebSharper.Core.Quotations.Path">
<summary>
 Represents file-system paths.
</summary>
</member>
<member name="T:WebSharper.Core.Quotations.Name">
<summary>
 Represents names.
</summary>
</member>
<member name="M:WebSharper.Core.Quotations.Alpha(WebSharper.Core.Quotations.Expression)">
<summary>
 Performs alpha-renaming of all variables.
</summary>
</member>
<member name="M:WebSharper.Core.Quotations.Fold``1(Microsoft.FSharp.Core.FSharpFunc{``0,Microsoft.FSharp.Core.FSharpFunc{WebSharper.Core.Quotations.Expression,``0}},``0,WebSharper.Core.Quotations.Expression)">
<summary>
 Folds over the immediate sub-expressions. Expression forms
 that bind variables are transformed by inserting Lambda,
 so that Lambda and LetRecursive are the only variable-binding form.
</summary>
</member>
<member name="M:WebSharper.Core.Quotations.Transform(Microsoft.FSharp.Core.FSharpFunc{WebSharper.Core.Quotations.Expression,WebSharper.Core.Quotations.Expression},WebSharper.Core.Quotations.Expression)">
<summary>
 Maps over the immediate sub-expressions. Expression forms
 that bind variables are transformed by inserting Lambda,
 so that Lambda and LetRecursive are the only variable-binding forms.
</summary>
</member>
<member name="M:WebSharper.Core.Quotations.ReadAssemblyFile(System.String)">
<summary>
 Loads an F# assembly from a given path with
 ReflectionOnlyLoadFrom and reads its reflected definitions.
 Fails when the assembly was not produced with F#.
 Warning: does not support F# 4.0+
</summary>
</member>
<member name="M:WebSharper.Core.Quotations.ReadAssembly(System.Reflection.Assembly)">
<summary>
 Parses reflected definitions associated with an assembly by
 reading the dedicated embedded resource.  Fails when the assembly
 was not produced with F#.
 Warning: does not support F# 4.0+
</summary>
</member>
<member name="M:WebSharper.Core.Quotations.ReadStream(System.Reflection.AssemblyName,WebSharper.Core.Reflection.TypeDefinition[],System.IO.Stream)">
<summary>
 Parses reflected definitions from their binary representation.
</summary>
</member>
<member name="">

</member>
<member name="">

</member>
<member name="">

</member>
<member name="">

</member>
<member name="">

</member>
<member name="">

</member>
<member name="">

</member>
<member name="">

</member>
<member name="">

</member>
<member name="">

</member>
<member name="">

</member>
<member name="">

</member>
<member name="">

</member>
<member name="">

</member>
<member name="">

</member>
<member name="">

</member>
<member name="">

</member>
<member name="">

</member>
<member name="">

</member>
<member name="">

</member>
<member name="">

</member>
<member name="">

</member>
<member name="">

</member>
<member name="">

</member>
<member name="">

</member>
<member name="">

</member>
<member name="">

</member>
<member name="">

</member>
<member name="">

</member>
<member name="">

</member>
<member name="">

</member>
<member name="">

</member>
<member name="">

</member>
<member name="">

</member>
<member name="">

</member>
<member name="">

</member>
<member name="">

</member>
<member name="">

</member>
<member name="">

</member>
<member name="">

</member>
<member name="">

</member>
<member name="">

</member>
<member name="">

</member>
<member name="">

</member>
<member name="">

</member>
<member name="">

</member>
<member name="">

</member>
<member name="">

</member>
<member name="">

</member>
<member name="">

</member>
<member name="">

</member>
<member name="">

</member>
<member name="">

</member>
<member name="">

</member>
<member name="">

</member>
<member name="">

</member>
<member name="">

</member>
<member name="">

</member>
<member name="">

</member>
<member name="">

</member>
<member name="">

</member>
<member name="">

</member>
<member name="">

</member>
<member name="">

</member>
<member name="">

</member>
<member name="">

</member>
<member name="">

</member>
<member name="">

</member>
<member name="">

</member>
<member name="">

</member>
<member name="">

</member>
<member name="">

</member>
<member name="">

</member>
<member name="">

</member>
<member name="">

</member>
<member name="">

</member>
<member name="">

</member>
<member name="">

</member>
<member name="">

</member>
<member name="">

</member>
<member name="">

</member>
<member name="">

</member>
<member name="T:WebSharper.Core.Quotations.InvalidFormatException">
<summary>
 Thrown when the parser fails to recognize serialized metadata.
</summary>
</member>
<member name="T:WebSharper.Core.Quotations">
<summary>
 Parses F# quotations metadata associated with F#
 assemblies, provides an alternative quotations representation.

 F# reflected definitions are implemented by storing method
 bodies as serialized quotations.  In F# this information can be
 accessed by applying patterns from the
 Quotations.DerivedPatterns module, such as the
 MethodWithReflectedDefinition pattern.  The problem is that
 these patterns are implemented in terms of
 System.Reflection types and that practically assumes that
 the runtime has loaded the assembly being analyzed.

 This module allows to read the reflected definitions without
 binding to the assembly that defines them.  It can improve
 performance and stability of applications that need to analyze
 reflected definitions.

 This module works by reading the embedded resource F# dedicates
 to store the quotation information.  The parser has been developed
 by analyzing the F# compiler sources.
</summary>
</member>
<member name="P:WebSharper.Core.Reflection.UnionCase.Name">
<summary>
 The name.
</summary>
</member>
<member name="P:WebSharper.Core.Reflection.UnionCase.DeclaringType">
<summary>
 The declaring type.
</summary>
</member>
<member name="M:WebSharper.Core.Reflection.UnionCase.WithDeclaringType(WebSharper.Core.Reflection.TypeDefinition)">
<summary>
 Updates the declaring type.
</summary>
</member>
<member name="M:WebSharper.Core.Reflection.UnionCase.Create(WebSharper.Core.Reflection.TypeDefinition,System.String)">
<summary>
 Constructs a new UnionCase.
</summary>
</member>
<member name="T:WebSharper.Core.Reflection.UnionCase">
<summary>
 Represents field definitions.
</summary>
</member>
<member name="P:WebSharper.Core.Reflection.Field.Name">
<summary>
 The name.
</summary>
</member>
<member name="P:WebSharper.Core.Reflection.Field.DeclaringType">
<summary>
 The declaring type.
</summary>
</member>
<member name="M:WebSharper.Core.Reflection.Field.WithDeclaringType(WebSharper.Core.Reflection.TypeDefinition)">
<summary>
 Updates the declaring type.
</summary>
</member>
<member name="M:WebSharper.Core.Reflection.Field.Create(WebSharper.Core.Reflection.TypeDefinition,System.String)">
<summary>
 Constructs a new field.
</summary>
</member>
<member name="T:WebSharper.Core.Reflection.Field">
<summary>
 Represents field definitions.
</summary>
</member>
<member name="P:WebSharper.Core.Reflection.Property.Name">
<summary>
 The name.
</summary>
</member>
<member name="P:WebSharper.Core.Reflection.Property.DeclaringType">
<summary>
 The declaring type.
</summary>
</member>
<member name="M:WebSharper.Core.Reflection.Property.WithDeclaringType(WebSharper.Core.Reflection.TypeDefinition)">
<summary>
 Updates the declaring type.
</summary>
</member>
<member name="M:WebSharper.Core.Reflection.Property.Parse(System.Reflection.PropertyInfo)">
<summary>
 Parses the property.
</summary>
</member>
<member name="M:WebSharper.Core.Reflection.Property.CreateReference(WebSharper.Core.Reflection.TypeDefinition,System.String)">
<summary>
 Constructs a new property ignoring the type.
</summary>
</member>
<member name="M:WebSharper.Core.Reflection.Property.Create(WebSharper.Core.Reflection.TypeDefinition,System.String,WebSharper.Core.Reflection.Type,Microsoft.FSharp.Collections.FSharpList{WebSharper.Core.Reflection.Type})">
<summary>
 Constructs a new property with an explicit type and signature.
</summary>
</member>
<member name="T:WebSharper.Core.Reflection.Property">
<summary>
 Represents property definitions.
</summary>
</member>
<member name="P:WebSharper.Core.Reflection.Constructor.DeclaringType">
<summary>
 The declaring type.
</summary>
</member>
<member name="M:WebSharper.Core.Reflection.Constructor.WithDeclaringType(WebSharper.Core.Reflection.TypeDefinition)">
<summary>
 Updates the declaring type.
</summary>
</member>
<member name="M:WebSharper.Core.Reflection.Constructor.Parse(System.Reflection.ConstructorInfo)">
<summary>
 Parses the constructor.
</summary>
</member>
<member name="M:WebSharper.Core.Reflection.Constructor.Create(WebSharper.Core.Reflection.TypeDefinition,Microsoft.FSharp.Collections.FSharpList{WebSharper.Core.Reflection.Type})">
<summary>
 Constructs a new Constructor with an explicit signature.
</summary>
</member>
<member name="T:WebSharper.Core.Reflection.Constructor">
<summary>
 Represents instance constructors.
</summary>
</member>
<member name="P:WebSharper.Core.Reflection.Method.Name">
<summary>
 The name.
</summary>
</member>
<member name="P:WebSharper.Core.Reflection.Method.DeclaringType">
<summary>
 The declaring type.
</summary>
</member>
<member name="M:WebSharper.Core.Reflection.Method.WithDeclaringType(WebSharper.Core.Reflection.TypeDefinition)">
<summary>
 Updates the declaring type.
</summary>
</member>
<member name="M:WebSharper.Core.Reflection.Method.Parse(System.Reflection.MethodInfo)">
<summary>
 Parses the method.
</summary>
</member>
<member name="M:WebSharper.Core.Reflection.Method.Load(Microsoft.FSharp.Core.FSharpOption{Microsoft.FSharp.Collections.FSharpList{WebSharper.Core.Reflection.Type}})">
<summary>
 Tries to load the method definition. Throws exceptions on failure.
</summary>
</member>
<member name="M:WebSharper.Core.Reflection.Method.CreateReference(WebSharper.Core.Reflection.TypeDefinition,System.String)">
<summary>
 Constructs a new method ignoring the signature.
</summary>
</member>
<member name="M:WebSharper.Core.Reflection.Method.Create(WebSharper.Core.Reflection.TypeDefinition,System.String,System.Int32,Microsoft.FSharp.Collections.FSharpList{WebSharper.Core.Reflection.Type},WebSharper.Core.Reflection.Type)">
<summary>
 Constructs a new method with an explicit signature.
</summary>
</member>
<member name="T:WebSharper.Core.Reflection.Method">
<summary>
 Represents method definitions.
</summary>
</member>
<member name="T:WebSharper.Core.Reflection.Signature">
<summary>
 Represents method signatures as parameter types.
</summary>
</member>
<member name="T:WebSharper.Core.Reflection.Generics">
<summary>
 Represents generic arguments.
</summary>
</member>
<member name="P:WebSharper.Core.Reflection.Type.Name">
<summary>
 The name, such as Queue`1.
</summary>
</member>
<member name="P:WebSharper.Core.Reflection.Type.FullName">
<summary>
 The full name.
</summary>
</member>
<member name="P:WebSharper.Core.Reflection.Type.DeclaringType">
<summary>
 The definition.
</summary>
</member>
<member name="P:WebSharper.Core.Reflection.Type.AssemblyQualifiedName">
<summary>
 The loader-friendly name.
</summary>
</member>
<member name="M:WebSharper.Core.Reflection.Type.Load(Microsoft.FSharp.Core.FSharpOption{System.Boolean})">
<summary>
 Tries to load the class. Throws exceptions on failure.
</summary>
</member>
<member name="M:WebSharper.Core.Reflection.Type.FromType(System.Type)">
<summary>
 Parses types. Throws exceptions on failure.
</summary>
</member>
<member name="T:WebSharper.Core.Reflection.Type">
<summary>
 Represents method parameter types.
</summary>
</member>
<member name="P:WebSharper.Core.Reflection.TypeDefinition.Namespace">
<summary>
 The namespace, if any.
</summary>
</member>
<member name="P:WebSharper.Core.Reflection.TypeDefinition.Name">
<summary>
 The name, such as Queue`1.
</summary>
</member>
<member name="P:WebSharper.Core.Reflection.TypeDefinition.GenericsCount">
<summary>
 The count of generic arguments.
</summary>
</member>
<member name="P:WebSharper.Core.Reflection.TypeDefinition.FullName">
<summary>
 The full name.
</summary>
</member>
<member name="P:WebSharper.Core.Reflection.TypeDefinition.DeclaringType">
<summary>
 The declaring type, if any.
</summary>
</member>
<member name="P:WebSharper.Core.Reflection.TypeDefinition.AssemblyQualifiedName">
<summary>
 The loader-friendly name.
</summary>
</member>
<member name="P:WebSharper.Core.Reflection.TypeDefinition.AssemblyName">
<summary>
 The name of the declaring assembly.
</summary>
</member>
<member name="M:WebSharper.Core.Reflection.TypeDefinition.Parse(System.String)">
<summary>
 Parses a name.
</summary>
</member>
<member name="M:WebSharper.Core.Reflection.TypeDefinition.Load">
<summary>
 Tries to load the type. Throws exceptions on failure.
</summary>
</member>
<member name="M:WebSharper.Core.Reflection.TypeDefinition.FromType(System.Type)">
<summary>
 Parses type definitions. Throws exceptions on failure.
</summary>
</member>
<member name="M:WebSharper.Core.Reflection.TypeDefinition.CreateNested(WebSharper.Core.Reflection.TypeDefinition,System.String)">
<summary>
 Creates a nested type definition.
</summary>
</member>
<member name="M:WebSharper.Core.Reflection.TypeDefinition.Create(WebSharper.Core.Reflection.AssemblyName,System.String,System.String)">
<summary>
 Creates a top-level type definition.
</summary>
</member>
<member name="T:WebSharper.Core.Reflection.TypeDefinition">
<summary>
 Represents system and user-defined type definitions.
</summary>
</member>
<member name="T:WebSharper.Core.Reflection.Rank">
<summary>
 Represents array ranks.
</summary>
</member>
<member name="T:WebSharper.Core.Reflection.Position">
<summary>
 Represents positions within a sequence.
</summary>
</member>
<member name="T:WebSharper.Core.Reflection.Name">
<summary>
 Represents simple names.
</summary>
</member>
<member name="T:WebSharper.Core.Reflection.AssemblyQualifiedName">
<summary>
 Represents loader-friendly names, for example
 Microsoft.FSharp.Core.FSharpFunc`2, FSharp.Core.
</summary>
</member>
<member name="T:WebSharper.Core.Reflection.Namespace">
<summary>
 Represents namespaces, for example Microsoft.FSharp.
</summary>
</member>
<member name="T:WebSharper.Core.Reflection.FullName">
<summary>
 Represents type names, for example Microsoft.FSharp.Core.FSharpFunc`2.
</summary>
</member>
<member name="P:WebSharper.Core.Reflection.AssemblyName.Name">
<summary>
 Simple name, for example FSharp.Core.
</summary>
</member>
<member name="P:WebSharper.Core.Reflection.AssemblyName.FullName">
<summary>
 Full name including the version and public key token.
</summary>
</member>
<member name="M:WebSharper.Core.Reflection.AssemblyName.Parse(System.String)">
<summary>
 Parses a new assembly name.
</summary>
</member>
<member name="M:WebSharper.Core.Reflection.AssemblyName.FromAssembly(System.Reflection.Assembly)">
<summary>
 Retrieves the name of the given assembly.
</summary>
</member>
<member name="M:WebSharper.Core.Reflection.AssemblyName.Convert(System.Reflection.AssemblyName)">
<summary>
 Converts a System.Reflection representation to an AssemblyName.
</summary>
</member>
<member name="T:WebSharper.Core.Reflection.AssemblyName">
<summary>
 Represents assembly names, for example FSharp.Core.
</summary>
</member>
<member name="T:WebSharper.Core.Reflection.Count">
<summary>
 Represents the generics count.
</summary>
</member>
<member name="">

</member>
<member name="T:WebSharper.Core.Reflection.InvalidType">
<summary>
 Thrown when the reflected type is not valid for a given operation,
 for example when it is a generic parameter and this is disallowed.
</summary>
</member>
<member name="M:WebSharper.Core.Reflection.TypeModule.|Array|Concrete|Generic|(WebSharper.Core.Reflection.Type)">
<summary>
 Matches type kinds.
</summary>
</member>
<member name="M:WebSharper.Core.Reflection.TypeModule.Generic(System.Int32)">
<summary>
 Constructs a generic parameter type.
</summary>
</member>
<member name="M:WebSharper.Core.Reflection.TypeModule.Concrete(WebSharper.Core.Reflection.TypeDefinition,Microsoft.FSharp.Collections.FSharpList{WebSharper.Core.Reflection.Type})">
<summary>
 Constructs a type by specializing a type definition.
</summary>
</member>
<member name="M:WebSharper.Core.Reflection.TypeModule.Array(WebSharper.Core.Reflection.Type,System.Int32)">
<summary>
 Constructs an array type.
</summary>
</member>
<member name="T:WebSharper.Core.Reflection.TypeModule">
<summary>
 Provides utilities for working with Type values.
</summary>
</member>
<member name="T:WebSharper.Core.Reflection">
<summary>
 Provides an alternative for System.Reflection to deal with
 assembly metadata. In particular, the representations
 are lightweight and can be serialized.
</summary>
</member>
<member name="P:WebSharper.Core.Remoting.Server.JsonProvider">
<summary>
 Exposes the Json encoding/decoding provider
</summary>
</member>
<member name="M:WebSharper.Core.Remoting.Server.HandleRequest(WebSharper.Core.Remoting.Request)">
<summary>
 Handles a request.
</summary>
</member>
<member name="M:WebSharper.Core.Remoting.Server.Create(Microsoft.FSharp.Core.FSharpOption{WebSharper.Core.Remoting.IHandlerFactory},WebSharper.Core.Metadata.Info)">
<summary>
 Creates a new instance.
</summary>
</member>
<member name="T:WebSharper.Core.Remoting.Server">
<summary>
 Handles remote procedure call requests.
</summary>
</member>
<member name="M:WebSharper.Core.Remoting.IHandlerFactory.Create(System.Type)">
<summary>
 Creates a new handler based on its type.
</summary>
</member>
<member name="T:WebSharper.Core.Remoting.IHandlerFactory">
<summary>
 Constructs RPC handlers.
</summary>
</member>
<member name="">

</member>
<member name="">

</member>
<member name="T:WebSharper.Core.Remoting.Request">
<summary>
 Represents an incoming request.
</summary>
</member>
<member name="T:WebSharper.Core.Remoting.Headers">
<summary>
 Represents read-only access to HTTP headers.
</summary>
</member>
<member name="">

</member>
<member name="">

</member>
<member name="T:WebSharper.Core.Remoting.Response">
<summary>
 Represents the response.
</summary>
</member>
<member name="M:WebSharper.Core.Remoting.SetHandlerFactory(WebSharper.Core.Remoting.IHandlerFactory)">
<summary>
 Sets the default RPC handler factory.
</summary>
</member>
<member name="M:WebSharper.Core.Remoting.IsRemotingRequest(Microsoft.FSharp.Core.FSharpFunc{System.String,Microsoft.FSharp.Core.FSharpOption{System.String}})">
<summary>
 Tests if the given request is marked as a
 WebSharper remote procedure call request.
</summary>
</member>
<member name="T:WebSharper.Core.Remoting">
<summary>
 Implements server-side remote procedure call support.
</summary>
</member>
<member name="">

</member>
<member name="T:WebSharper.Core.Resources.Runtime">
<summary>
 Represents the runtime library resource required by all WebSharper code.
</summary>
</member>
<member name="M:WebSharper.Core.Resources.BaseResource.#ctor(System.String,System.String,System.String[])">
<summary>
 References several external resources by specifying the
 absolute base URL and one or more relative URLs.
 The base URL is made configurable by consulting the application
 setting matching the full name of the declaring type.
 CSS resources are distinguished from JavaScript resources
 by checking for the .css syntax.
</summary>
</member>
<member name="M:WebSharper.Core.Resources.BaseResource.#ctor(System.String)">
<summary>
 References an embedded resource from he current assembly.
 The string represents either a reference to an embedded
 resource from the current assembly, or a (possibly relative)
 URL. CSS resources are distinguished from JavaScript resources by
 checking for the .css suffix.
</summary>
</member>
<member name="T:WebSharper.Core.Resources.BaseResource">
<summary>
 A helper base class for resource-defining types.
</summary>
</member>
<member name="M:WebSharper.Core.Resources.IResource.Render(WebSharper.Core.Resources.Context,Microsoft.FSharp.Core.FSharpFunc{WebSharper.Core.Resources.RenderLocation,System.Web.UI.HtmlTextWriter})">
<summary>
 Renders the resource to a given TextWriter.
</summary>
</member>
<member name="T:WebSharper.Core.Resources.IResource">
<summary>
 An interface for resource-defining types.
</summary>
</member>
<member name="P:WebSharper.Core.Resources.Context.GetWebResourceRendering">
<summary>
 Constructs URLs to point to embedded resources.
</summary>
</member>
<member name="P:WebSharper.Core.Resources.Context.GetSetting">
<summary>
 Provides a configuration settings collection.
</summary>
</member>
<member name="P:WebSharper.Core.Resources.Context.GetAssemblyRendering">
<summary>
 Constructs URLs to JavaScript-compiled assemblies.
 Assembly names are short, such as FSharp.Core.
</summary>
</member>
<member name="P:WebSharper.Core.Resources.Context.DefaultToHttp">
<summary>
 Transform foreign links to starting with `//` to `http://`.
</summary>
</member>
<member name="P:WebSharper.Core.Resources.Context.DebuggingEnabled">
<summary>
 A flag indicating if debugging is enabled or not.
</summary>
</member>
<member name="T:WebSharper.Core.Resources.Context">
<summary>
 Defines the context in which resources can be rendered.
</summary>
</member>
<member name="">

</member>
<member name="">

</member>
<member name="">

</member>
<member name="">

</member>
<member name="">

</member>
<member name="">

</member>
<member name="">

</member>
<member name="">

</member>
<member name="T:WebSharper.Core.Resources.Rendering">
<summary>
 Defines how to render a resource.
</summary>
</member>
<member name="">

</member>
<member name="">

</member>
<member name="">

</member>
<member name="">

</member>
<member name="">

</member>
<member name="">

</member>
<member name="">

</member>
<member name="T:WebSharper.Core.Resources">
<summary>
 Manages resources, such as dependent JavaScript and CSS files.
</summary>
</member>
<member name="">

</member>
<member name="">

</member>
<member name="">

</member>
<member name="">

</member>
<member name="">

</member>
<member name="">

</member>
<member name="">

</member>
<member name="">

</member>
<member name="">

</member>
<member name="">

</member>
<member name="">

</member>
<member name="">

</member>
<member name="">

</member>
<member name="">

</member>
<member name="">

</member>
<member name="">

</member>
<member name="">

</member>
<member name="">

</member>
<member name="">

</member>
<member name="">

</member>
<member name="">

</member>
<member name="">

</member>
<member name="">

</member>
<member name="">

</member>
<member name="">

</member>
<member name="">

</member>
<member name="">

</member>
<member name="">

</member>
<member name="">

</member>
<member name="">

</member>
<member name="">

</member>
<member name="">

</member>
<member name="">

</member>
<member name="">

</member>
<member name="M:WebSharper.JavaScript.Function.Of``2(Microsoft.FSharp.Core.FSharpFunc{``0,``1})">
<summary>
 Type cast.
 Warning: a tupled F# function is translated to JavaScript as a function with a single array argument.
</summary>
</member>
<member name="">

</member>
<member name="">

</member>
<member name="">

</member>
<member name="">

</member>
<member name="">

</member>
<member name="">

</member>
<member name="">

</member>
<member name="">

</member>
<member name="T:WebSharper.JavaScript.ClientSideOnly">
<summary>
 Thrown on the server when client-side code is being executed.
</summary>
</member>
<member name="M:WebSharper.JavaScript.Pervasives.X``1">
<summary>
 Specifies a value intended for client-side use only, so that there is no
 .NET implementation.
 Raises a WebSharper.JavaScript.ClientSideOnly exception.
</summary>
</member>
<member name="T:WebSharper.JavaScript.Pervasives">

</member>
<member name="M:WebSharper.PathConventions.PathUtility.VirtualPaths(System.String)">
<summary>
 Constructs a utiltiy object for computing URLs based on a given
 virtual path root (such as &apos;/&apos;).
</summary>
</member>
<member name="M:WebSharper.PathConventions.PathUtility.TypeScriptDefinitionsPath(WebSharper.PathConventions.AssemblyId)">
<summary>
 Path or URL to the `.d.ts` TypeScript file corresponding to an assembly.
</summary>
</member>
<member name="M:WebSharper.PathConventions.PathUtility.TypeScriptDefinitionsFileName(WebSharper.PathConventions.AssemblyId)">
<summary>
 Filename for the `.d.ts` TypeScript file corresponding to an assembly.
</summary>
</member>
<member name="M:WebSharper.PathConventions.PathUtility.MinifiedMapFilePath(WebSharper.PathConventions.AssemblyId)">
<summary>
 Path or URL to the `.min.map` source mapping file corresponding to an assembly.
</summary>
</member>
<member name="M:WebSharper.PathConventions.PathUtility.MinifiedMapFileName(WebSharper.PathConventions.AssemblyId)">
<summary>
 Path or URL to the `.min.map` source mapping file corresponding to an assembly.
</summary>
</member>
<member name="M:WebSharper.PathConventions.PathUtility.MinifiedJavaScriptPath(WebSharper.PathConventions.AssemblyId)">
<summary>
 Path or URL to the `.min.js` JavaScript file corresponding to an assembly.
</summary>
</member>
<member name="M:WebSharper.PathConventions.PathUtility.MinifiedJavaScriptFileName(WebSharper.PathConventions.AssemblyId)">
<summary>
 Filename for the `.min.js` JavaScript file corresponding to an assembly.
</summary>
</member>
<member name="M:WebSharper.PathConventions.PathUtility.MapFilePath(WebSharper.PathConventions.AssemblyId)">
<summary>
 Path or URL to the `.map` source mapping file corresponding to an assembly.
</summary>
</member>
<member name="M:WebSharper.PathConventions.PathUtility.MapFileName(WebSharper.PathConventions.AssemblyId)">
<summary>
 Filename for the `.map` source mapping file corresponding to an assembly.
</summary>
</member>
<member name="M:WebSharper.PathConventions.PathUtility.JavaScriptPath(WebSharper.PathConventions.AssemblyId)">
<summary>
 Path or URL to the `.js` JavaScript file corresponding to an assembly.
</summary>
</member>
<member name="M:WebSharper.PathConventions.PathUtility.JavaScriptFileName(WebSharper.PathConventions.AssemblyId)">
<summary>
 Filename for the `.js` JavaScript file corresponding to an assembly.
</summary>
</member>
<member name="M:WebSharper.PathConventions.PathUtility.FileSystem(System.String)">
<summary>
 Constructs a utiltiy object based on the physical path to the
 web root folder, which can be obtained by `Server.MapPath(&quot;~&quot;)`.
</summary>
</member>
<member name="M:WebSharper.PathConventions.PathUtility.EmbeddedPath(WebSharper.PathConventions.EmbeddedResource)">
<summary>
 Path or URL for the embedded resource.
</summary>
</member>
<member name="T:WebSharper.PathConventions.PathUtility">
<summary>
 Utility object for computing paths on the filesystem or relative URLs.
</summary>
</member>
<member name="M:WebSharper.PathConventions.EmbeddedResource.Create(WebSharper.PathConventions.ResourceKind,WebSharper.PathConventions.AssemblyId,System.String)">
<summary>
 Constructs a new embedded resource identifier.
</summary>
</member>
<member name="T:WebSharper.PathConventions.EmbeddedResource">
<summary>
 Represents embedded resources.
</summary>
</member>
<member name="P:WebSharper.PathConventions.ResourceKind.Script">
<summary>
 Script resources (primarily JavaScript).
</summary>
</member>
<member name="P:WebSharper.PathConventions.ResourceKind.Content">
<summary>
 Content resources (such as CSS stylesheet).
</summary>
</member>
<member name="T:WebSharper.PathConventions.ResourceKind">
<summary>
 Represents kinds of resources.
</summary>
</member>
<member name="M:WebSharper.PathConventions.AssemblyId.Create(System.Type)">
<summary>
 Creates an assembly identifier from a marker type.
</summary>
</member>
<member name="M:WebSharper.PathConventions.AssemblyId.Create(System.Reflection.AssemblyName)">
<summary>
 Creates an assembly identifier from a `System.Reflection` name.
</summary>
</member>
<member name="M:WebSharper.PathConventions.AssemblyId.Create(System.Reflection.Assembly)">
<summary>
 Creates an assembly identifier for the given assembly object.
</summary>
</member>
<member name="M:WebSharper.PathConventions.AssemblyId.Create(System.String)">
<summary>
 Creates an assembly identifier from a string representation.
</summary>
</member>
<member name="T:WebSharper.PathConventions.AssemblyId">
<summary>
 Identifies assemblies by name.
</summary>
</member>
<member name="T:WebSharper.PathConventions">
<summary>
 Makes resource path and naming conventions explicit to avoid code duplication.
</summary>
</member>
</members>
</doc>
