﻿<?xml version="1.0" encoding="utf-8"?>
<doc>
  <assembly>
    <name>WebSharper.JQuery</name>
  </assembly>
  <member name="P:WebSharper.JQuery.Fx.Interval">
    <summary>The rate (in milliseconds) at which animations fire.</summary>
  </member>
  <member name="P:WebSharper.JQuery.Fx.Off">
    <summary>Globally disable all animations.</summary>
  </member>
  <member name="M:WebSharper.JQuery.JQuery.When(System.Object)">
    <summary>Provides a way to execute callback functions based on one or more objects, usually Deferred objects that represent asynchronous events.</summary>
  </member>
  <member name="M:WebSharper.JQuery.JQuery.When(System.Object[])">
    <summary>Provides a way to execute callback functions based on one or more objects, usually Deferred objects that represent asynchronous events.</summary>
  </member>
  <member name="M:WebSharper.JQuery.JQuery.Type">
    <summary>Determine the internal JavaScript [[Class]] of an object</summary>
  </member>
  <member name="M:WebSharper.JQuery.JQuery.IsWindow(System.Object)">
    <summary>This is used in a number of places in jQuery to determine if we're operating against a browser window (such as the current window or an iframe).</summary>
  </member>
  <member name="M:WebSharper.JQuery.JQuery.Of(Microsoft.FSharp.Core.FSharpFunc{Microsoft.FSharp.Core.Unit,Microsoft.FSharp.Core.Unit})">
    <summary>Binds a function to be executed when the DOM has finished loading.</summary>
  </member>
  <member name="M:WebSharper.JQuery.JQuery.Of(System.String,WebSharper.JavaScript.Object{System.String})">
    <summary>Creates DOM elements on the fly from the provided string of raw HTML.</summary>
  </member>
  <member name="M:WebSharper.JQuery.JQuery.Of(System.String,WebSharper.JavaScript.Dom.Document)">
    <summary>Creates DOM elements on the fly from the provided string of raw HTML.</summary>
  </member>
  <member name="M:WebSharper.JQuery.JQuery.Of(WebSharper.JavaScript.Dom.Node)">
    <summary>DOM node to wrap in a jQuery object.</summary>
  </member>
  <member name="M:WebSharper.JQuery.JQuery.Of(WebSharper.JavaScript.Dom.Node[])">
    <summary>An array containing a set of DOM elements to wrap in a jQuery object.</summary>
  </member>
  <member name="M:WebSharper.JQuery.JQuery.Of(System.String,WebSharper.JavaScript.Dom.Element)">
    <summary>Accepts a string containing a CSS selector and a DOM Element, Document, or jQuery to use as context.</summary>
  </member>
  <member name="M:WebSharper.JQuery.JQuery.Of(System.String,System.String)">
    <summary>Accepts a string containing a CSS selector and a DOM Element, Document, or jQuery to use as context.</summary>
  </member>
  <member name="M:WebSharper.JQuery.JQuery.Of(System.String,WebSharper.JQuery.JQuery)">
    <summary>Accepts a string containing a CSS selector and a DOM Element, Document, or jQuery to use as context.</summary>
  </member>
  <member name="M:WebSharper.JQuery.JQuery.Of(System.String)">
    <summary>Accepts a string containing a CSS selector which is then used to match a set of elements.</summary>
  </member>
  <member name="M:WebSharper.JQuery.JQuery.UnbindFalse(System.String,WebSharper.JavaScript.Object{System.String})">
    <summary>Attach a handler to an event for the elements.</summary>
  </member>
  <member name="M:WebSharper.JQuery.JQuery.RemoveProp(System.String)">
    <summary>Remove a property for the set of matched elements.</summary>
  </member>
  <member name="M:WebSharper.JQuery.JQuery.RemoveProp(System.String,System.String)">
    <summary>Remove a property for the set of matched elements.</summary>
  </member>
  <member name="M:WebSharper.JQuery.JQuery.Prop(WebSharper.JavaScript.Object{System.Object})">
    <summary>Set one or more properties for the set of matched elements.</summary>
  </member>
  <member name="M:WebSharper.JQuery.JQuery.Prop``1(System.String,``0)">
    <summary>Set the value of a property for the first element in the set of matched elements.</summary>
  </member>
  <member name="M:WebSharper.JQuery.JQuery.Prop``1(System.String)">
    <summary>Get the value of a property for the first element in the set of matched elements.</summary>
  </member>
  <member name="M:WebSharper.JQuery.JQuery.Index(WebSharper.JavaScript.Dom.Element)">
    <summary>Search for a given element from among the matched elements.</summary>
  </member>
  <member name="M:WebSharper.JQuery.JQuery.Index(System.String)">
    <summary>Search for a given element from among the matched elements.</summary>
  </member>
  <member name="M:WebSharper.JQuery.JQuery.Index">
    <summary>Search for a given element from among the matched elements.</summary>
  </member>
  <member name="M:WebSharper.JQuery.JQuery.Hover(Microsoft.FSharp.Core.FSharpFunc{WebSharper.JavaScript.Dom.Element,Microsoft.FSharp.Core.FSharpFunc{WebSharper.JQuery.Event,Microsoft.FSharp.Core.Unit}})">
    <summary>Bind two handlers to the matched elements, to be executed when the mouse pointer enters and leaves the elements.</summary>
  </member>
  <member name="M:WebSharper.JQuery.JQuery.Hover(Microsoft.FSharp.Core.FSharpFunc{WebSharper.JavaScript.Dom.Element,Microsoft.FSharp.Core.FSharpFunc{WebSharper.JQuery.Event,Microsoft.FSharp.Core.Unit}},Microsoft.FSharp.Core.FSharpFunc{WebSharper.JavaScript.Dom.Element,Microsoft.FSharp.Core.FSharpFunc{WebSharper.JQuery.Event,Microsoft.FSharp.Core.Unit}})">
    <summary>Bind two handlers to the matched elements, to be executed when the mouse pointer enters and leaves the elements.</summary>
  </member>
  <member name="M:WebSharper.JQuery.JQuery.Hide(System.Int32,System.String)">
    <summary>Hide the matched elements.</summary>
  </member>
  <member name="M:WebSharper.JQuery.JQuery.Hide(System.String,System.String)">
    <summary>Hide the matched elements.</summary>
  </member>
  <member name="M:WebSharper.JQuery.JQuery.Hide(System.Int32,System.String,Microsoft.FSharp.Core.FSharpFunc{WebSharper.JavaScript.Dom.Element,Microsoft.FSharp.Core.Unit})">
    <summary>Hide the matched elements.</summary>
  </member>
  <member name="M:WebSharper.JQuery.JQuery.Hide(System.String,System.String,Microsoft.FSharp.Core.FSharpFunc{WebSharper.JavaScript.Dom.Element,Microsoft.FSharp.Core.Unit})">
    <summary>Hide the matched elements.</summary>
  </member>
  <member name="M:WebSharper.JQuery.JQuery.Hide">
    <summary>Hide the matched elements.</summary>
  </member>
  <member name="M:WebSharper.JQuery.JQuery.Hide(System.Int32)">
    <summary>Hide the matched elements.</summary>
  </member>
  <member name="M:WebSharper.JQuery.JQuery.Hide(System.String)">
    <summary>Hide the matched elements.</summary>
  </member>
  <member name="M:WebSharper.JQuery.JQuery.Hide(System.Int32,Microsoft.FSharp.Core.FSharpFunc{WebSharper.JavaScript.Dom.Element,Microsoft.FSharp.Core.Unit})">
    <summary>Hide the matched elements.</summary>
  </member>
  <member name="M:WebSharper.JQuery.JQuery.Hide(System.String,Microsoft.FSharp.Core.FSharpFunc{WebSharper.JavaScript.Dom.Element,Microsoft.FSharp.Core.Unit})">
    <summary>Hide the matched elements.</summary>
  </member>
  <member name="M:WebSharper.JQuery.JQuery.Height(System.Int32)">
    <summary>Get the current computed height for the first element in the set of matched elements.</summary>
  </member>
  <member name="M:WebSharper.JQuery.JQuery.Height">
    <summary>Get the current computed height for the first element in the set of matched elements.</summary>
  </member>
  <member name="M:WebSharper.JQuery.JQuery.HasClass(System.String)">
    <summary>Determine whether any of the matched elements are assigned the given class.</summary>
  </member>
  <member name="M:WebSharper.JQuery.JQuery.Has(System.String,WebSharper.JavaScript.Dom.Element)">
    <summary>Reduce the set of matched elements to those that have a descendant that matches the selector or DOM element.</summary>
  </member>
  <member name="M:WebSharper.JQuery.JQuery.Get">
    <summary>Retrieve the DOM elements matched by the jQuery object.</summary>
  </member>
  <member name="M:WebSharper.JQuery.JQuery.Get(System.Int32)">
    <summary>Retrieve the DOM elements matched by the jQuery object.</summary>
  </member>
  <member name="M:WebSharper.JQuery.JQuery.Focusout(WebSharper.JavaScript.Object{System.String},Microsoft.FSharp.Core.FSharpFunc{WebSharper.JavaScript.Dom.Element,Microsoft.FSharp.Core.FSharpFunc{WebSharper.JQuery.Event,Microsoft.FSharp.Core.Unit}})">
    <summary>Bind an event handler to the "focusout" JavaScript event.</summary>
  </member>
  <member name="M:WebSharper.JQuery.JQuery.Focusout(Microsoft.FSharp.Core.FSharpFunc{WebSharper.JavaScript.Dom.Element,Microsoft.FSharp.Core.FSharpFunc{WebSharper.JQuery.Event,Microsoft.FSharp.Core.Unit}})">
    <summary>Bind an event handler to the "focusout" JavaScript event.</summary>
  </member>
  <member name="M:WebSharper.JQuery.JQuery.Focusin(WebSharper.JavaScript.Object{System.String},Microsoft.FSharp.Core.FSharpFunc{WebSharper.JavaScript.Dom.Element,Microsoft.FSharp.Core.FSharpFunc{WebSharper.JQuery.Event,Microsoft.FSharp.Core.Unit}})">
    <summary>Bind an event handler to the "focusin" JavaScript event.</summary>
  </member>
  <member name="M:WebSharper.JQuery.JQuery.Focusin(Microsoft.FSharp.Core.FSharpFunc{WebSharper.JavaScript.Dom.Element,Microsoft.FSharp.Core.FSharpFunc{WebSharper.JQuery.Event,Microsoft.FSharp.Core.Unit}})">
    <summary>Bind an event handler to the "focusin" JavaScript event.</summary>
  </member>
  <member name="M:WebSharper.JQuery.JQuery.Focus(WebSharper.JavaScript.Object{System.String},Microsoft.FSharp.Core.FSharpFunc{WebSharper.JavaScript.Dom.Element,Microsoft.FSharp.Core.FSharpFunc{WebSharper.JQuery.Event,Microsoft.FSharp.Core.Unit}})">
    <summary>Bind an event handler to the "focus" JavaScript event, or trigger that event on an element.</summary>
  </member>
  <member name="M:WebSharper.JQuery.JQuery.Focus">
    <summary>Bind an event handler to the "focus" JavaScript event, or trigger that event on an element.</summary>
  </member>
  <member name="M:WebSharper.JQuery.JQuery.Focus(Microsoft.FSharp.Core.FSharpFunc{WebSharper.JavaScript.Dom.Element,Microsoft.FSharp.Core.FSharpFunc{WebSharper.JQuery.Event,Microsoft.FSharp.Core.Unit}})">
    <summary>Bind an event handler to the "focus" JavaScript event, or trigger that event on an element.</summary>
  </member>
  <member name="M:WebSharper.JQuery.JQuery.First">
    <summary>Reduce the set of matched elements to the first in the set.</summary>
  </member>
  <member name="M:WebSharper.JQuery.JQuery.Finish(System.String)">
    <summary>Stop the currently-running animation, remove all queued animations, and complete all animations for the matched elements.</summary>
  </member>
  <member name="M:WebSharper.JQuery.JQuery.Find(System.String)">
    <summary>Get the descendants of each element in the current set of matched elements, filtered by a selector.</summary>
  </member>
  <member name="M:WebSharper.JQuery.JQuery.Filter(Microsoft.FSharp.Core.FSharpFunc{WebSharper.JavaScript.Dom.Element,System.Boolean})">
    <summary>Reduce the set of matched elements to those that match the selector or pass the function's test.</summary>
  </member>
  <member name="M:WebSharper.JQuery.JQuery.Filter(Microsoft.FSharp.Core.FSharpFunc{WebSharper.JavaScript.Dom.Element,Microsoft.FSharp.Core.FSharpFunc{System.Int32,System.Boolean}})">
    <summary>Reduce the set of matched elements to those that match the selector or pass the function's test.</summary>
  </member>
  <member name="M:WebSharper.JQuery.JQuery.Filter(System.String)">
    <summary>Reduce the set of matched elements to those that match the selector or pass the function's test.</summary>
  </member>
  <member name="M:WebSharper.JQuery.JQuery.FadeToggle(System.Double,System.String)">
    <summary>Display or hide the matched elements by animating their opacity.</summary>
  </member>
  <member name="M:WebSharper.JQuery.JQuery.FadeToggle(System.String,System.String)">
    <summary>Display or hide the matched elements by animating their opacity.</summary>
  </member>
  <member name="M:WebSharper.JQuery.JQuery.FadeToggle(System.Double,System.String,Microsoft.FSharp.Core.FSharpFunc{Microsoft.FSharp.Core.Unit,Microsoft.FSharp.Core.Unit})">
    <summary>Display or hide the matched elements by animating their opacity.</summary>
  </member>
  <member name="M:WebSharper.JQuery.JQuery.FadeToggle(System.String,System.String,Microsoft.FSharp.Core.FSharpFunc{Microsoft.FSharp.Core.Unit,Microsoft.FSharp.Core.Unit})">
    <summary>Display or hide the matched elements by animating their opacity.</summary>
  </member>
  <member name="M:WebSharper.JQuery.JQuery.FadeToggle">
    <summary>Display or hide the matched elements by animating their opacity.</summary>
  </member>
  <member name="M:WebSharper.JQuery.JQuery.FadeToggle(System.Double)">
    <summary>Display or hide the matched elements by animating their opacity.</summary>
  </member>
  <member name="M:WebSharper.JQuery.JQuery.FadeToggle(System.String)">
    <summary>Display or hide the matched elements by animating their opacity.</summary>
  </member>
  <member name="M:WebSharper.JQuery.JQuery.FadeToggle(System.Double,Microsoft.FSharp.Core.FSharpFunc{Microsoft.FSharp.Core.Unit,Microsoft.FSharp.Core.Unit})">
    <summary>Display or hide the matched elements by animating their opacity.</summary>
  </member>
  <member name="M:WebSharper.JQuery.JQuery.FadeToggle(System.String,Microsoft.FSharp.Core.FSharpFunc{Microsoft.FSharp.Core.Unit,Microsoft.FSharp.Core.Unit})">
    <summary>Display or hide the matched elements by animating their opacity.</summary>
  </member>
  <member name="M:WebSharper.JQuery.JQuery.FadeTo(System.Double,System.Double)">
    <summary>Adjust the opacity of the matched elements.</summary>
  </member>
  <member name="M:WebSharper.JQuery.JQuery.FadeTo(System.String,System.Double)">
    <summary>Adjust the opacity of the matched elements.</summary>
  </member>
  <member name="M:WebSharper.JQuery.JQuery.FadeTo(System.Double,System.Double,Microsoft.FSharp.Core.FSharpFunc{Microsoft.FSharp.Core.Unit,Microsoft.FSharp.Core.Unit})">
    <summary>Adjust the opacity of the matched elements.</summary>
  </member>
  <member name="M:WebSharper.JQuery.JQuery.FadeTo(System.String,System.Double,Microsoft.FSharp.Core.FSharpFunc{Microsoft.FSharp.Core.Unit,Microsoft.FSharp.Core.Unit})">
    <summary>Adjust the opacity of the matched elements.</summary>
  </member>
  <member name="M:WebSharper.JQuery.JQuery.FadeTo(System.Double,System.Double,System.String)">
    <summary>Adjust the opacity of the matched elements.</summary>
  </member>
  <member name="M:WebSharper.JQuery.JQuery.FadeTo(System.String,System.Double,System.String)">
    <summary>Adjust the opacity of the matched elements.</summary>
  </member>
  <member name="M:WebSharper.JQuery.JQuery.FadeTo(System.Double,System.Double,System.String,Microsoft.FSharp.Core.FSharpFunc{Microsoft.FSharp.Core.Unit,Microsoft.FSharp.Core.Unit})">
    <summary>Adjust the opacity of the matched elements.</summary>
  </member>
  <member name="M:WebSharper.JQuery.JQuery.FadeTo(System.String,System.Double,System.String,Microsoft.FSharp.Core.FSharpFunc{Microsoft.FSharp.Core.Unit,Microsoft.FSharp.Core.Unit})">
    <summary>Adjust the opacity of the matched elements.</summary>
  </member>
  <member name="M:WebSharper.JQuery.JQuery.FadeOut(System.Double,System.String)">
    <summary>Display the matched elements by fading them to transparent.</summary>
  </member>
  <member name="M:WebSharper.JQuery.JQuery.FadeOut(System.String,System.String)">
    <summary>Display the matched elements by fading them to transparent.</summary>
  </member>
  <member name="M:WebSharper.JQuery.JQuery.FadeOut(System.Double,System.String,Microsoft.FSharp.Core.FSharpFunc{Microsoft.FSharp.Core.Unit,Microsoft.FSharp.Core.Unit})">
    <summary>Display the matched elements by fading them to transparent.</summary>
  </member>
  <member name="M:WebSharper.JQuery.JQuery.FadeOut(System.String,System.String,Microsoft.FSharp.Core.FSharpFunc{Microsoft.FSharp.Core.Unit,Microsoft.FSharp.Core.Unit})">
    <summary>Display the matched elements by fading them to transparent.</summary>
  </member>
  <member name="M:WebSharper.JQuery.JQuery.FadeOut">
    <summary>Display the matched elements by fading them to transparent.</summary>
  </member>
  <member name="M:WebSharper.JQuery.JQuery.FadeOut(System.Double)">
    <summary>Display the matched elements by fading them to transparent.</summary>
  </member>
  <member name="M:WebSharper.JQuery.JQuery.FadeOut(System.String)">
    <summary>Display the matched elements by fading them to transparent.</summary>
  </member>
  <member name="M:WebSharper.JQuery.JQuery.FadeOut(System.Double,Microsoft.FSharp.Core.FSharpFunc{Microsoft.FSharp.Core.Unit,Microsoft.FSharp.Core.Unit})">
    <summary>Display the matched elements by fading them to transparent.</summary>
  </member>
  <member name="M:WebSharper.JQuery.JQuery.FadeOut(System.String,Microsoft.FSharp.Core.FSharpFunc{Microsoft.FSharp.Core.Unit,Microsoft.FSharp.Core.Unit})">
    <summary>Display the matched elements by fading them to transparent.</summary>
  </member>
  <member name="M:WebSharper.JQuery.JQuery.FadeIn(System.Double,System.String)">
    <summary>Display the matched elements by fading them to opaque.</summary>
  </member>
  <member name="M:WebSharper.JQuery.JQuery.FadeIn(System.String,System.String)">
    <summary>Display the matched elements by fading them to opaque.</summary>
  </member>
  <member name="M:WebSharper.JQuery.JQuery.FadeIn(System.Double,System.String,Microsoft.FSharp.Core.FSharpFunc{Microsoft.FSharp.Core.Unit,Microsoft.FSharp.Core.Unit})">
    <summary>Display the matched elements by fading them to opaque.</summary>
  </member>
  <member name="M:WebSharper.JQuery.JQuery.FadeIn(System.String,System.String,Microsoft.FSharp.Core.FSharpFunc{Microsoft.FSharp.Core.Unit,Microsoft.FSharp.Core.Unit})">
    <summary>Display the matched elements by fading them to opaque.</summary>
  </member>
  <member name="M:WebSharper.JQuery.JQuery.FadeIn">
    <summary>Display the matched elements by fading them to opaque.</summary>
  </member>
  <member name="M:WebSharper.JQuery.JQuery.FadeIn(System.Double)">
    <summary>Display the matched elements by fading them to opaque.</summary>
  </member>
  <member name="M:WebSharper.JQuery.JQuery.FadeIn(System.String)">
    <summary>Display the matched elements by fading them to opaque.</summary>
  </member>
  <member name="M:WebSharper.JQuery.JQuery.FadeIn(System.Double,Microsoft.FSharp.Core.FSharpFunc{Microsoft.FSharp.Core.Unit,Microsoft.FSharp.Core.Unit})">
    <summary>Display the matched elements by fading them to opaque.</summary>
  </member>
  <member name="M:WebSharper.JQuery.JQuery.FadeIn(System.String,Microsoft.FSharp.Core.FSharpFunc{Microsoft.FSharp.Core.Unit,Microsoft.FSharp.Core.Unit})">
    <summary>Display the matched elements by fading them to opaque.</summary>
  </member>
  <member name="M:WebSharper.JQuery.JQuery.Error(WebSharper.JavaScript.Object{System.String},Microsoft.FSharp.Core.FSharpFunc{WebSharper.JavaScript.Dom.Element,Microsoft.FSharp.Core.FSharpFunc{WebSharper.JQuery.Event,Microsoft.FSharp.Core.Unit}})">
    <summary>Bind an event handler to the "error" JavaScript event.</summary>
  </member>
  <member name="M:WebSharper.JQuery.JQuery.Error(Microsoft.FSharp.Core.FSharpFunc{WebSharper.JavaScript.Dom.Element,Microsoft.FSharp.Core.FSharpFunc{WebSharper.JQuery.Event,Microsoft.FSharp.Core.Unit}})">
    <summary>Bind an event handler to the "error" JavaScript event.</summary>
  </member>
  <member name="M:WebSharper.JQuery.JQuery.Eq(System.Int32)">
    <summary>Reduce the set of matched elements to the one at the specified index.</summary>
  </member>
  <member name="M:WebSharper.JQuery.JQuery.End">
    <summary>End the most recent filtering operation in the current chain and return the set of matched elements to its previous state.</summary>
  </member>
  <member name="M:WebSharper.JQuery.JQuery.Empty">
    <summary>Remove all child nodes of the set of matched elements from the DOM.</summary>
  </member>
  <member name="M:WebSharper.JQuery.JQuery.Each(Microsoft.FSharp.Core.FSharpFunc{WebSharper.JavaScript.Dom.Element,Microsoft.FSharp.Core.Unit})">
    <summary>Iterate over a jQuery object, executing a function for each matched element.</summary>
  </member>
  <member name="M:WebSharper.JQuery.JQuery.Each(Microsoft.FSharp.Core.FSharpFunc{WebSharper.JavaScript.Dom.Element,Microsoft.FSharp.Core.FSharpFunc{System.Int32,Microsoft.FSharp.Core.Unit}})">
    <summary>Iterate over a jQuery object, executing a function for each matched element.</summary>
  </member>
  <member name="M:WebSharper.JQuery.JQuery.Detach">
    <summary>Remove the set of matched elements from the DOM.</summary>
  </member>
  <member name="M:WebSharper.JQuery.JQuery.Detach(System.String)">
    <summary>Remove the set of matched elements from the DOM.</summary>
  </member>
  <member name="M:WebSharper.JQuery.JQuery.Dequeue">
    <summary>Execute the next function on the queue for the matched elements.</summary>
  </member>
  <member name="M:WebSharper.JQuery.JQuery.Dequeue(System.String)">
    <summary>Execute the next function on the queue for the matched elements.</summary>
  </member>
  <member name="M:WebSharper.JQuery.JQuery.Delegate(System.String,WebSharper.JQuery.Event,Microsoft.FSharp.Core.FSharpFunc{WebSharper.JavaScript.Dom.Element,Microsoft.FSharp.Core.FSharpFunc{WebSharper.JQuery.Event,Microsoft.FSharp.Core.Unit}})">
    <summary>Attach a handler to one or more events for all elements that match the selector, now or in the future, based on a specific set of root elements.</summary>
  </member>
  <member name="M:WebSharper.JQuery.JQuery.Delegate(System.String,WebSharper.JQuery.Event,WebSharper.JavaScript.Object{System.String},Microsoft.FSharp.Core.FSharpFunc{WebSharper.JavaScript.Dom.Element,Microsoft.FSharp.Core.FSharpFunc{WebSharper.JQuery.Event,Microsoft.FSharp.Core.Unit}})">
    <summary>Attach a handler to one or more events for all elements that match the selector, now or in the future, based on a specific set of root elements.</summary>
  </member>
  <member name="M:WebSharper.JQuery.JQuery.Delay(System.Int32)">
    <summary>Set a timer to delay execution of subsequent items in the queue</summary>
  </member>
  <member name="M:WebSharper.JQuery.JQuery.Delay(System.Int32,System.String)">
    <summary>Set a timer to delay execution of subsequent items in the queue</summary>
  </member>
  <member name="M:WebSharper.JQuery.JQuery.Dblclick(WebSharper.JavaScript.Object{System.String},Microsoft.FSharp.Core.FSharpFunc{WebSharper.JavaScript.Dom.Element,Microsoft.FSharp.Core.FSharpFunc{WebSharper.JQuery.Event,Microsoft.FSharp.Core.Unit}})">
    <summary>Bind an event handler to the "dblclick" JavaScript event, or trigger that event on an element</summary>
  </member>
  <member name="M:WebSharper.JQuery.JQuery.Dblclick">
    <summary>Bind an event handler to the "dblclick" JavaScript event, or trigger that event on an element</summary>
  </member>
  <member name="M:WebSharper.JQuery.JQuery.Dblclick(Microsoft.FSharp.Core.FSharpFunc{WebSharper.JavaScript.Dom.Element,Microsoft.FSharp.Core.FSharpFunc{WebSharper.JQuery.Event,Microsoft.FSharp.Core.Unit}})">
    <summary>Bind an event handler to the "dblclick" JavaScript event, or trigger that event on an element</summary>
  </member>
  <member name="M:WebSharper.JQuery.JQuery.Data(System.String)">
    <summary>Store arbitrary data associated with the matched elements.</summary>
  </member>
  <member name="M:WebSharper.JQuery.JQuery.Data(WebSharper.JavaScript.Object{System.String})">
    <summary>Store arbitrary data associated with the matched elements.</summary>
  </member>
  <member name="M:WebSharper.JQuery.JQuery.Data(System.String,System.Object)">
    <summary>Store arbitrary data associated with the matched elements.</summary>
  </member>
  <member name="M:WebSharper.JQuery.JQuery.Css(WebSharper.JavaScript.Object{System.String})">
    <summary>Get the value of a style property for the first element in the set of matched elements.</summary>
  </member>
  <member name="M:WebSharper.JQuery.JQuery.Css(System.String,Microsoft.FSharp.Core.FSharpFunc{System.Tuple{System.Int32,System.String},System.String})">
    <summary>Get the value of a style property for the first element in the set of matched elements.</summary>
  </member>
  <member name="M:WebSharper.JQuery.JQuery.Css(System.String,System.String)">
    <summary>Get the value of a style property for the first element in the set of matched elements.</summary>
  </member>
  <member name="M:WebSharper.JQuery.JQuery.Css(System.String)">
    <summary>Get the value of a style property for the first element in the set of matched elements.</summary>
  </member>
  <member name="M:WebSharper.JQuery.JQuery.Css">
    <summary>Get the value of a style property for the first element in the set of matched elements.</summary>
  </member>
  <member name="M:WebSharper.JQuery.JQuery.Contents">
    <summary>Get the children of each element in the set of matched elements, including text nodes.</summary>
  </member>
  <member name="M:WebSharper.JQuery.JQuery.Closest(System.String)">
    <summary>Get the first ancestor element that matches the selector, beginning at the current element and progressing up through the DOM tree.</summary>
  </member>
  <member name="M:WebSharper.JQuery.JQuery.Closest(System.String,WebSharper.JavaScript.Dom.Element)">
    <summary>Get the first ancestor element that matches the selector, beginning at the current element and progressing up through the DOM tree.</summary>
  </member>
  <member name="M:WebSharper.JQuery.JQuery.Clone">
    <summary>Create a copy of the set of matched elements.</summary>
  </member>
  <member name="M:WebSharper.JQuery.JQuery.Clone(System.Boolean)">
    <summary>Create a copy of the set of matched elements.</summary>
  </member>
  <member name="M:WebSharper.JQuery.JQuery.Click(WebSharper.JavaScript.Object{System.String},Microsoft.FSharp.Core.FSharpFunc{WebSharper.JavaScript.Dom.Element,Microsoft.FSharp.Core.FSharpFunc{WebSharper.JQuery.Event,Microsoft.FSharp.Core.Unit}})">
    <summary>Bind an event handler to the "click" JavaScript event, or trigger that event on an element.</summary>
  </member>
  <member name="M:WebSharper.JQuery.JQuery.Click">
    <summary>Bind an event handler to the "click" JavaScript event, or trigger that event on an element.</summary>
  </member>
  <member name="M:WebSharper.JQuery.JQuery.Click(Microsoft.FSharp.Core.FSharpFunc{WebSharper.JavaScript.Dom.Element,Microsoft.FSharp.Core.FSharpFunc{WebSharper.JQuery.Event,Microsoft.FSharp.Core.Unit}})">
    <summary>Bind an event handler to the "click" JavaScript event, or trigger that event on an element.</summary>
  </member>
  <member name="M:WebSharper.JQuery.JQuery.ClearQueue">
    <summary>Remove from the queue all items that have not yet been run.</summary>
  </member>
  <member name="M:WebSharper.JQuery.JQuery.ClearQueue(System.String)">
    <summary>Remove from the queue all items that have not yet been run.</summary>
  </member>
  <member name="M:WebSharper.JQuery.JQuery.Children">
    <summary>Get the children of each element in the set of matched elements, optionally filtered by a selector.</summary>
  </member>
  <member name="M:WebSharper.JQuery.JQuery.Children(System.String)">
    <summary>Get the children of each element in the set of matched elements, optionally filtered by a selector.</summary>
  </member>
  <member name="M:WebSharper.JQuery.JQuery.Change(WebSharper.JavaScript.Object{System.String},Microsoft.FSharp.Core.FSharpFunc{WebSharper.JavaScript.Dom.Element,Microsoft.FSharp.Core.FSharpFunc{WebSharper.JQuery.Event,Microsoft.FSharp.Core.Unit}})">
    <summary>Bind an event handler to the "change" JavaScript event, or trigger that event on an element.</summary>
  </member>
  <member name="M:WebSharper.JQuery.JQuery.Change">
    <summary>Bind an event handler to the "change" JavaScript event, or trigger that event on an element.</summary>
  </member>
  <member name="M:WebSharper.JQuery.JQuery.Change(Microsoft.FSharp.Core.FSharpFunc{WebSharper.JavaScript.Dom.Element,Microsoft.FSharp.Core.FSharpFunc{WebSharper.JQuery.Event,Microsoft.FSharp.Core.Unit}})">
    <summary>Bind an event handler to the "change" JavaScript event, or trigger that event on an element.</summary>
  </member>
  <member name="M:WebSharper.JQuery.JQuery.Blur(WebSharper.JavaScript.Object{System.String},Microsoft.FSharp.Core.FSharpFunc{WebSharper.JavaScript.Dom.Element,Microsoft.FSharp.Core.FSharpFunc{WebSharper.JQuery.Event,Microsoft.FSharp.Core.Unit}})">
    <summary>Bind an event handler to the "blur" JavaScript event, or trigger that event on an element.</summary>
  </member>
  <member name="M:WebSharper.JQuery.JQuery.Blur">
    <summary>Bind an event handler to the "blur" JavaScript event, or trigger that event on an element.</summary>
  </member>
  <member name="M:WebSharper.JQuery.JQuery.Blur(Microsoft.FSharp.Core.FSharpFunc{WebSharper.JavaScript.Dom.Element,Microsoft.FSharp.Core.FSharpFunc{WebSharper.JQuery.Event,Microsoft.FSharp.Core.Unit}})">
    <summary>Bind an event handler to the "blur" JavaScript event, or trigger that event on an element.</summary>
  </member>
  <member name="M:WebSharper.JQuery.JQuery.BindFalse(System.String,WebSharper.JavaScript.Object{System.String})">
    <summary>Attach a handler to an event for the elements.</summary>
  </member>
  <member name="M:WebSharper.JQuery.JQuery.Bind(System.String,Microsoft.FSharp.Core.FSharpFunc{WebSharper.JavaScript.Dom.Element,Microsoft.FSharp.Core.FSharpFunc{WebSharper.JQuery.Event,Microsoft.FSharp.Core.Unit}})">
    <summary>Attach a handler to an event for the elements.</summary>
  </member>
  <member name="M:WebSharper.JQuery.JQuery.Bind(System.String,WebSharper.JavaScript.Object{System.String},Microsoft.FSharp.Core.FSharpFunc{WebSharper.JavaScript.Dom.Element,Microsoft.FSharp.Core.FSharpFunc{WebSharper.JQuery.Event,Microsoft.FSharp.Core.Unit}})">
    <summary>Attach a handler to an event for the elements.</summary>
  </member>
  <member name="M:WebSharper.JQuery.JQuery.Before(Microsoft.FSharp.Core.FSharpFunc{Microsoft.FSharp.Core.Unit,System.String})">
    <summary> Insert content, specified by the parameter, before each element in the set of matched elements.</summary>
  </member>
  <member name="M:WebSharper.JQuery.JQuery.Before(WebSharper.JavaScript.Dom.Element)">
    <summary> Insert content, specified by the parameter, before each element in the set of matched elements.</summary>
  </member>
  <member name="M:WebSharper.JQuery.JQuery.Before(System.String)">
    <summary> Insert content, specified by the parameter, before each element in the set of matched elements.</summary>
  </member>
  <member name="M:WebSharper.JQuery.JQuery.Before(WebSharper.JQuery.JQuery)">
    <summary> Insert content, specified by the parameter, before each element in the set of matched elements.</summary>
  </member>
  <member name="M:WebSharper.JQuery.JQuery.Attr(System.String,System.String)">
    <summary>Set the value of an attribute for the first element in the set of matched elements.</summary>
  </member>
  <member name="M:WebSharper.JQuery.JQuery.Attr(System.String)">
    <summary>Get the value of an attribute for the first element in the set of matched elements.</summary>
  </member>
  <member name="M:WebSharper.JQuery.JQuery.AppendTo(WebSharper.JavaScript.Dom.Element)">
    <summary>Insert every element in the set of matched elements to the end of the target.</summary>
  </member>
  <member name="M:WebSharper.JQuery.JQuery.AppendTo(System.String)">
    <summary>Insert every element in the set of matched elements to the end of the target.</summary>
  </member>
  <member name="M:WebSharper.JQuery.JQuery.AppendTo(WebSharper.JQuery.JQuery)">
    <summary>Insert every element in the set of matched elements to the end of the target.</summary>
  </member>
  <member name="M:WebSharper.JQuery.JQuery.Append(Microsoft.FSharp.Core.FSharpFunc{System.Tuple{System.Int32,System.String},System.String})">
    <summary>Insert content, specified by the parameter, to the end of each element in the set of matched elements.</summary>
  </member>
  <member name="M:WebSharper.JQuery.JQuery.Append(WebSharper.JavaScript.Dom.Element)">
    <summary>Insert content, specified by the parameter, to the end of each element in the set of matched elements.</summary>
  </member>
  <member name="M:WebSharper.JQuery.JQuery.Append(System.String)">
    <summary>Insert content, specified by the parameter, to the end of each element in the set of matched elements.</summary>
  </member>
  <member name="M:WebSharper.JQuery.JQuery.Append(WebSharper.JQuery.JQuery)">
    <summary>Insert content, specified by the parameter, to the end of each element in the set of matched elements.</summary>
  </member>
  <member name="M:WebSharper.JQuery.JQuery.Animate(WebSharper.JavaScript.Object{System.String},System.Int32,System.String,Microsoft.FSharp.Core.FSharpFunc{Microsoft.FSharp.Core.Unit,Microsoft.FSharp.Core.Unit})">
    <summary>Perform a custom animation of a set of CSS properties.</summary>
  </member>
  <member name="M:WebSharper.JQuery.JQuery.Animate(WebSharper.JavaScript.Object{System.String},System.String,System.String,Microsoft.FSharp.Core.FSharpFunc{Microsoft.FSharp.Core.Unit,Microsoft.FSharp.Core.Unit})">
    <summary>Perform a custom animation of a set of CSS properties.</summary>
  </member>
  <member name="M:WebSharper.JQuery.JQuery.Animate(WebSharper.JavaScript.Object{System.String},System.Int32,Microsoft.FSharp.Core.FSharpFunc{Microsoft.FSharp.Core.Unit,Microsoft.FSharp.Core.Unit})">
    <summary>Perform a custom animation of a set of CSS properties.</summary>
  </member>
  <member name="M:WebSharper.JQuery.JQuery.Animate(WebSharper.JavaScript.Object{System.String},System.String,Microsoft.FSharp.Core.FSharpFunc{Microsoft.FSharp.Core.Unit,Microsoft.FSharp.Core.Unit})">
    <summary>Perform a custom animation of a set of CSS properties.</summary>
  </member>
  <member name="M:WebSharper.JQuery.JQuery.Animate(WebSharper.JavaScript.Object{System.String},System.Int32,System.String)">
    <summary>Perform a custom animation of a set of CSS properties.</summary>
  </member>
  <member name="M:WebSharper.JQuery.JQuery.Animate(WebSharper.JavaScript.Object{System.String},System.String,System.String)">
    <summary>Perform a custom animation of a set of CSS properties.</summary>
  </member>
  <member name="M:WebSharper.JQuery.JQuery.Animate(WebSharper.JavaScript.Object{System.String},System.Int32)">
    <summary>Perform a custom animation of a set of CSS properties.</summary>
  </member>
  <member name="M:WebSharper.JQuery.JQuery.Animate(WebSharper.JavaScript.Object{System.String},System.String)">
    <summary>Perform a custom animation of a set of CSS properties.</summary>
  </member>
  <member name="M:WebSharper.JQuery.JQuery.Animate(WebSharper.JavaScript.Object{System.String})">
    <summary>Perform a custom animation of a set of CSS properties.</summary>
  </member>
  <member name="M:WebSharper.JQuery.JQuery.Animate(WebSharper.JavaScript.Object{System.String},WebSharper.JQuery.AnimateSettings)">
    <summary>Perform a custom animation of a set of CSS properties.</summary>
  </member>
  <member name="M:WebSharper.JQuery.JQuery.AjaxComplete(Microsoft.FSharp.Core.FSharpFunc{WebSharper.JavaScript.Dom.Element,Microsoft.FSharp.Core.FSharpFunc{System.Tuple{WebSharper.JQuery.Event,WebSharper.JQuery.XmlHttpRequest,WebSharper.JQuery.AjaxSettings},Microsoft.FSharp.Core.Unit}})">
    <summary>Register a handler to be called when Ajax requests complete. This is an Ajax Event.</summary>
  </member>
  <member name="M:WebSharper.JQuery.JQuery.After(WebSharper.JavaScript.Dom.Element)">
    <summary>Insert content, specified by the parameter, after each element in the set of matched elements.</summary>
  </member>
  <member name="M:WebSharper.JQuery.JQuery.After(System.String)">
    <summary>Insert content, specified by the parameter, after each element in the set of matched elements.</summary>
  </member>
  <member name="M:WebSharper.JQuery.JQuery.After(WebSharper.JQuery.JQuery)">
    <summary>Insert content, specified by the parameter, after each element in the set of matched elements.</summary>
  </member>
  <member name="M:WebSharper.JQuery.JQuery.After(Microsoft.FSharp.Core.FSharpFunc{System.Int32,System.String})">
    <summary>Insert content, specified by the parameter, after each element in the set of matched elements.</summary>
  </member>
  <member name="M:WebSharper.JQuery.JQuery.AddClass(Microsoft.FSharp.Core.FSharpFunc{System.Tuple{System.Int32,System.String},System.String})">
    <summary>Adds the specified class(es) to each of the set of matched elements.</summary>
  </member>
  <member name="M:WebSharper.JQuery.JQuery.AddClass(System.String)">
    <summary>Adds the specified class(es) to each of the set of matched elements.</summary>
  </member>
  <member name="M:WebSharper.JQuery.JQuery.Add(WebSharper.JavaScript.Dom.Element[])">
    <summary>Add elements to the set of matched elements.</summary>
  </member>
  <member name="M:WebSharper.JQuery.JQuery.Add(WebSharper.JQuery.JQuery)">
    <summary>Add elements to the set of matched elements.</summary>
  </member>
  <member name="M:WebSharper.JQuery.JQuery.Add(WebSharper.JavaScript.Dom.Element)">
    <summary>Add elements to the set of matched elements.</summary>
  </member>
  <member name="M:WebSharper.JQuery.JQuery.Add(System.String)">
    <summary>Add elements to the set of matched elements.</summary>
  </member>
  <member name="P:WebSharper.JQuery.JQuery.Context">
    <summary>The DOM node context originally passed to jQuery(); if none was passed then context will likely be the document.</summary>
  </member>
  <member name="P:WebSharper.JQuery.Event.AsDomEvent">
    <summary>Casts this JQuery.Event to a Dom.Event.</summary>
  </member>
  <member name="M:WebSharper.JQuery.Deferred.Then(Microsoft.FSharp.Core.FSharpFunc{Microsoft.FSharp.Core.Unit,Microsoft.FSharp.Core.Unit})">
    <summary>Add handlers to be called when the Deferred object is resolved, rejected, or still in progress.</summary>
  </member>
  <member name="M:WebSharper.JQuery.Deferred.Then(Microsoft.FSharp.Core.FSharpFunc{Microsoft.FSharp.Core.Unit,Microsoft.FSharp.Core.Unit},Microsoft.FSharp.Core.FSharpFunc{Microsoft.FSharp.Core.Unit,Microsoft.FSharp.Core.Unit})">
    <summary>Add handlers to be called when the Deferred object is resolved, rejected, or still in progress.</summary>
  </member>
  <member name="M:WebSharper.JQuery.Deferred.Then(Microsoft.FSharp.Core.FSharpFunc{Microsoft.FSharp.Core.Unit,Microsoft.FSharp.Core.Unit},Microsoft.FSharp.Core.FSharpFunc{Microsoft.FSharp.Core.Unit,Microsoft.FSharp.Core.Unit},Microsoft.FSharp.Core.FSharpFunc{Microsoft.FSharp.Core.Unit,Microsoft.FSharp.Core.Unit})">
    <summary>Add handlers to be called when the Deferred object is resolved, rejected, or still in progress.</summary>
  </member>
  <member name="M:WebSharper.JQuery.Deferred.State">
    <summary>Determine the current state of a Deferred object.</summary>
  </member>
  <member name="M:WebSharper.JQuery.Deferred.ResolveWith(System.Object,System.Object[])">
    <summary>Resolve a Deferred object and call any doneCallbacks with the given context and args.</summary>
  </member>
  <member name="M:WebSharper.JQuery.Deferred.Resolve(System.Object)">
    <summary>Resolve a Deferred object and call any doneCallbacks with the given args.</summary>
  </member>
  <member name="M:WebSharper.JQuery.Deferred.Resolve(System.Object[])">
    <summary>Resolve a Deferred object and call any doneCallbacks with the given args.</summary>
  </member>
  <member name="M:WebSharper.JQuery.Deferred.RejectWith(System.Object,System.Object[])">
    <summary>Reject a Deferred object and call any failCallbacks with the given context and args.</summary>
  </member>
  <member name="M:WebSharper.JQuery.Deferred.Reject(System.Object)">
    <summary>Reject a Deferred object and call any failCallbacks with the given args.</summary>
  </member>
  <member name="M:WebSharper.JQuery.Deferred.Reject(System.Object[])">
    <summary>Reject a Deferred object and call any failCallbacks with the given args.</summary>
  </member>
  <member name="M:WebSharper.JQuery.Deferred.Promise">
    <summary>Return a Deferred's Promise object.</summary>
  </member>
  <member name="M:WebSharper.JQuery.Deferred.Promise(System.Object)">
    <summary>Return a Deferred's Promise object.</summary>
  </member>
  <member name="M:WebSharper.JQuery.Deferred.Progress(Microsoft.FSharp.Core.FSharpFunc{System.Object,Microsoft.FSharp.Core.Unit}[])">
    <summary>Add handlers to be called when the Deferred object generates progress notifications.</summary>
  </member>
  <member name="M:WebSharper.JQuery.Deferred.Progress(WebSharper.JavaScript.FuncWithRest{System.Object,Microsoft.FSharp.Core.Unit}[])">
    <summary>Add handlers to be called when the Deferred object generates progress notifications.</summary>
  </member>
  <member name="M:WebSharper.JQuery.Deferred.NotifyWith(System.Object,System.Object[])">
    <summary>Call the progressCallbacks on a Deferred object with the given context and args.</summary>
  </member>
  <member name="M:WebSharper.JQuery.Deferred.Notify(System.Object)">
    <summary>Call the progressCallbacks on a Deferred object with the given args.</summary>
  </member>
  <member name="M:WebSharper.JQuery.Deferred.Notify(System.Object[])">
    <summary>Call the progressCallbacks on a Deferred object with the given args.</summary>
  </member>
  <member name="M:WebSharper.JQuery.Deferred.Fail(Microsoft.FSharp.Core.FSharpFunc{System.Object,Microsoft.FSharp.Core.Unit}[])">
    <summary>Add handlers to be called when the Deferred object is rejected.</summary>
  </member>
  <member name="M:WebSharper.JQuery.Deferred.Fail(WebSharper.JavaScript.FuncWithRest{System.Object,Microsoft.FSharp.Core.Unit}[])">
    <summary>Add handlers to be called when the Deferred object is rejected.</summary>
  </member>
  <member name="M:WebSharper.JQuery.Deferred.Done(Microsoft.FSharp.Core.FSharpFunc{System.Object,Microsoft.FSharp.Core.Unit}[])">
    <summary>Add handlers to be called when the Deferred object is resolved.</summary>
  </member>
  <member name="M:WebSharper.JQuery.Deferred.Done(WebSharper.JavaScript.FuncWithRest{System.Object,Microsoft.FSharp.Core.Unit}[])">
    <summary>Add handlers to be called when the Deferred object is resolved.</summary>
  </member>
  <member name="M:WebSharper.JQuery.Deferred.Always(Microsoft.FSharp.Core.FSharpFunc{System.Object,Microsoft.FSharp.Core.Unit}[])">
    <summary>Add handlers to be called when the Deferred object is either resolved or rejected.</summary>
  </member>
  <member name="M:WebSharper.JQuery.Deferred.Always(WebSharper.JavaScript.FuncWithRest{System.Object,Microsoft.FSharp.Core.Unit}[])">
    <summary>Add handlers to be called when the Deferred object is either resolved or rejected.</summary>
  </member>
  <member name="M:WebSharper.JQuery.Callbacks.#ctor(System.String)">
    <summary>A multi-purpose callbacks list object that provides a powerful way to manage callback lists.</summary>
  </member>
  <member name="M:WebSharper.JQuery.Callbacks.#ctor">
    <summary>A multi-purpose callbacks list object that provides a powerful way to manage callback lists.</summary>
  </member>
  <member name="M:WebSharper.JQuery.Callbacks.Remove(Microsoft.FSharp.Core.FSharpFunc{System.Object,Microsoft.FSharp.Core.Unit}[])">
    <summary>Remove a callback or a collection of TSelf from a callback list.</summary>
  </member>
  <member name="M:WebSharper.JQuery.Callbacks.Remove(WebSharper.JavaScript.FuncWithRest{System.Object,Microsoft.FSharp.Core.Unit}[])">
    <summary>Remove a callback or a collection of TSelf from a callback list.</summary>
  </member>
  <member name="M:WebSharper.JQuery.Callbacks.Remove(Microsoft.FSharp.Core.FSharpFunc{System.Object,Microsoft.FSharp.Core.Unit})">
    <summary>Remove a callback or a collection of TSelf from a callback list.</summary>
  </member>
  <member name="M:WebSharper.JQuery.Callbacks.Remove(Microsoft.FSharp.Core.FSharpFunc{System.Object[],Microsoft.FSharp.Core.Unit})">
    <summary>Remove a callback or a collection of TSelf from a callback list.</summary>
  </member>
  <member name="M:WebSharper.JQuery.Callbacks.Locked">
    <summary>Determine if the TSelf list has been locked.</summary>
  </member>
  <member name="M:WebSharper.JQuery.Callbacks.Lock">
    <summary>Lock a callback list in its current state.</summary>
  </member>
  <member name="M:WebSharper.JQuery.Callbacks.Has">
    <summary>Determine whether or not the list has any TSelf attached. If a callback is provided as an argument, determine whether it is in a list.</summary>
  </member>
  <member name="M:WebSharper.JQuery.Callbacks.Has(Microsoft.FSharp.Core.FSharpFunc{System.Object,Microsoft.FSharp.Core.Unit})">
    <summary>Determine whether or not the list has any TSelf attached. If a callback is provided as an argument, determine whether it is in a list.</summary>
  </member>
  <member name="M:WebSharper.JQuery.Callbacks.Has(Microsoft.FSharp.Core.FSharpFunc{System.Object[],Microsoft.FSharp.Core.Unit})">
    <summary>Determine whether or not the list has any TSelf attached. If a callback is provided as an argument, determine whether it is in a list.</summary>
  </member>
  <member name="M:WebSharper.JQuery.Callbacks.FireWith">
    <summary>Call all TSelf in a list with the given context and arguments.</summary>
  </member>
  <member name="M:WebSharper.JQuery.Callbacks.FireWith(System.Object)">
    <summary>Call all TSelf in a list with the given context and arguments.</summary>
  </member>
  <member name="M:WebSharper.JQuery.Callbacks.FireWith(System.Object,System.Object)">
    <summary>Call all TSelf in a list with the given context and arguments.</summary>
  </member>
  <member name="M:WebSharper.JQuery.Callbacks.FireWith(System.Object,System.Object[])">
    <summary>Call all TSelf in a list with the given context and arguments.</summary>
  </member>
  <member name="M:WebSharper.JQuery.Callbacks.Fired">
    <summary>Determine if the TSelf have already been called at least once.</summary>
  </member>
  <member name="M:WebSharper.JQuery.Callbacks.Fire(System.Object)">
    <summary>Call all of the TSelf with the given arguments.</summary>
  </member>
  <member name="M:WebSharper.JQuery.Callbacks.Fire(System.Object[])">
    <summary>Call all of the TSelf with the given arguments.</summary>
  </member>
  <member name="M:WebSharper.JQuery.Callbacks.Empty">
    <summary>Remove all of the TSelf from a list.</summary>
  </member>
  <member name="M:WebSharper.JQuery.Callbacks.Disabled">
    <summary>Determine if the TSelf list has been disabled.</summary>
  </member>
  <member name="M:WebSharper.JQuery.Callbacks.Disable">
    <summary>Disable a callback list from doing anything more.</summary>
  </member>
  <member name="M:WebSharper.JQuery.Callbacks.Add(Microsoft.FSharp.Core.FSharpFunc{System.Object,Microsoft.FSharp.Core.Unit}[])">
    <summary>Add a callback or a collection of TSelf to a callback list.</summary>
  </member>
  <member name="M:WebSharper.JQuery.Callbacks.Add(WebSharper.JavaScript.FuncWithRest{System.Object,Microsoft.FSharp.Core.Unit}[])">
    <summary>Add a callback or a collection of TSelf to a callback list.</summary>
  </member>
  <member name="M:WebSharper.JQuery.Callbacks.Add(Microsoft.FSharp.Core.FSharpFunc{System.Object,Microsoft.FSharp.Core.Unit})">
    <summary>Add a callback or a collection of TSelf to a callback list.</summary>
  </member>
  <member name="M:WebSharper.JQuery.Callbacks.Add(Microsoft.FSharp.Core.FSharpFunc{System.Object[],Microsoft.FSharp.Core.Unit})">
    <summary>Add a callback or a collection of TSelf to a callback list.</summary>
  </member>
</doc>